event_id,source_id,target_id,event_type,context,amount,label,timestamp
EVT_000000,BAD_002,CUST_00244,marketplace_chat,fake_receipt,1411,scam_ring,2026-01-01T00:00:00
EVT_000001,BAD_001,CUST_00206,marketplace_chat,fake_receipt,2400,scam_ring,2026-01-01T00:04:00
EVT_000002,CUST_00269,CUST_00333,p2p,general,602,normal,2026-01-01T00:08:00
EVT_000003,CUST_00198,CUST_00321,message,salary,1756,normal,2026-01-01T00:12:00
EVT_000004,CUST_00011,CUST_00242,transfer,commerce,805,normal,2026-01-01T00:16:00
EVT_000005,CUST_00213,CUST_00186,transfer,family,2301,normal,2026-01-01T00:20:00
EVT_000006,CUST_00021,CUST_00032,message,commerce,815,normal,2026-01-01T00:24:00
EVT_000007,BAD_002,CUST_00199,payment_release,fake_receipt,1347,scam_ring,2026-01-01T00:28:00
EVT_000008,CUST_00140,CUST_00132,p2p,salary,416,normal,2026-01-01T00:32:00
EVT_000009,CUST_00249,CUST_00108,p2p,commerce,977,normal,2026-01-01T00:36:00
EVT_000010,CUST_00187,CUST_00234,transfer,family,1559,normal,2026-01-01T00:40:00
EVT_000011,CUST_00037,MULE_003,transfer,urgent_transfer,1593,mule_pattern,2026-01-01T00:44:00
EVT_000012,CUST_00108,CUST_00317,message,general,1250,normal,2026-01-01T00:48:00
EVT_000013,CUST_00058,CUST_00114,p2p,general,895,normal,2026-01-01T00:52:00
EVT_000014,CUST_00112,MULE_003,transfer,social_engineering,2095,social_chain,2026-01-01T00:56:00
EVT_000015,CUST_00282,CUST_00109,transfer,general,809,normal,2026-01-01T01:00:00
EVT_000016,CUST_00040,CUST_00033,message,salary,1194,normal,2026-01-01T01:04:00
EVT_000017,CUST_00146,CUST_00224,message,family,1576,normal,2026-01-01T01:08:00
EVT_000018,CUST_00238,CUST_00184,transfer,commerce,1451,normal,2026-01-01T01:12:00
EVT_000019,CUST_00136,CUST_00285,message,commerce,274,normal,2026-01-01T01:16:00
EVT_000020,CUST_00175,CUST_00251,message,salary,1087,normal,2026-01-01T01:20:00
EVT_000021,CUST_00246,CUST_00364,message,commerce,2379,normal,2026-01-01T01:24:00
EVT_000022,CUST_00147,CUST_00296,p2p,general,1430,normal,2026-01-01T01:28:00
EVT_000023,CUST_00193,CUST_00325,p2p,general,2441,normal,2026-01-01T01:32:00
EVT_000024,CUST_00289,CUST_00250,p2p,general,1407,normal,2026-01-01T01:36:00
EVT_000025,CUST_00270,CUST_00095,p2p,family,1612,normal,2026-01-01T01:40:00
EVT_000026,CUST_00379,CUST_00051,transfer,general,1434,normal,2026-01-01T01:44:00
EVT_000027,CUST_00354,CUST_00171,message,salary,763,normal,2026-01-01T01:48:00
EVT_000028,CUST_00096,CUST_00319,transfer,general,448,normal,2026-01-01T01:52:00
EVT_000029,CUST_00314,CUST_00050,message,commerce,56,normal,2026-01-01T01:56:00
EVT_000030,CUST_00046,CUST_00017,p2p,general,857,normal,2026-01-01T02:00:00
EVT_000031,CUST_00110,CUST_00136,p2p,family,1064,normal,2026-01-01T02:04:00
EVT_000032,CUST_00104,CUST_00103,p2p,family,812,normal,2026-01-01T02:08:00
EVT_000033,CUST_00310,MULE_000,transfer,urgent_transfer,1041,mule_pattern,2026-01-01T02:12:00
EVT_000034,CUST_00221,CUST_00200,transfer,family,578,normal,2026-01-01T02:16:00
EVT_000035,CUST_00286,CUST_00224,p2p,general,1954,normal,2026-01-01T02:20:00
EVT_000036,CUST_00269,CUST_00029,message,general,485,normal,2026-01-01T02:24:00
EVT_000037,CUST_00121,MULE_004,transfer,urgent_transfer,1597,mule_pattern,2026-01-01T02:28:00
EVT_000038,CUST_00289,CUST_00310,transfer,general,1160,normal,2026-01-01T02:32:00
EVT_000039,CUST_00294,CUST_00028,p2p,salary,724,normal,2026-01-01T02:36:00
EVT_000040,CUST_00089,CUST_00179,p2p,general,2043,normal,2026-01-01T02:40:00
EVT_000041,CUST_00294,MULE_000,transfer,urgent_transfer,413,mule_pattern,2026-01-01T02:44:00
EVT_000042,CUST_00330,CUST_00343,transfer,commerce,904,normal,2026-01-01T02:48:00
EVT_000043,CUST_00305,CUST_00289,transfer,commerce,1114,normal,2026-01-01T02:52:00
EVT_000044,CUST_00375,CUST_00208,transfer,commerce,214,normal,2026-01-01T02:56:00
EVT_000045,CUST_00318,CUST_00331,p2p,salary,45,normal,2026-01-01T03:00:00
EVT_000046,CUST_00170,CUST_00070,transfer,family,1216,normal,2026-01-01T03:04:00
EVT_000047,CUST_00314,CUST_00198,p2p,commerce,1338,normal,2026-01-01T03:08:00
EVT_000048,CUST_00119,EXT_011,p2p,commerce,966,normal,2026-01-01T03:12:00
EVT_000049,CUST_00039,CUST_00177,message,salary,67,normal,2026-01-01T03:16:00
EVT_000050,CUST_00267,CUST_00159,message,commerce,1488,normal,2026-01-01T03:20:00
EVT_000051,CUST_00086,CUST_00063,message,commerce,1888,normal,2026-01-01T03:24:00
EVT_000052,CUST_00286,CUST_00133,p2p,salary,2355,normal,2026-01-01T03:28:00
EVT_000053,CUST_00291,CUST_00127,transfer,salary,1626,normal,2026-01-01T03:32:00
EVT_000054,CUST_00162,CUST_00208,message,commerce,1009,normal,2026-01-01T03:36:00
EVT_000055,CUST_00111,CUST_00028,p2p,family,1239,normal,2026-01-01T03:40:00
EVT_000056,CUST_00121,CUST_00347,p2p,family,1185,normal,2026-01-01T03:44:00
EVT_000057,CUST_00351,CUST_00286,p2p,salary,767,normal,2026-01-01T03:48:00
EVT_000058,CUST_00037,CUST_00019,message,salary,2106,normal,2026-01-01T03:52:00
EVT_000059,CUST_00149,EXT_004,message,general,999,normal,2026-01-01T03:56:00
EVT_000060,CUST_00129,CUST_00055,p2p,general,2054,normal,2026-01-01T04:00:00
EVT_000061,CUST_00195,CUST_00104,message,family,811,normal,2026-01-01T04:04:00
EVT_000062,CUST_00075,CUST_00053,transfer,general,2348,normal,2026-01-01T04:08:00
EVT_000063,CUST_00306,BAD_005,transfer,social_engineering,1365,social_chain,2026-01-01T04:12:00
EVT_000064,CUST_00118,CUST_00078,transfer,salary,545,normal,2026-01-01T04:16:00
EVT_000065,CUST_00296,CUST_00366,message,commerce,1404,normal,2026-01-01T04:20:00
EVT_000066,CUST_00134,CUST_00257,p2p,commerce,1744,normal,2026-01-01T04:24:00
EVT_000067,CUST_00224,CUST_00234,message,salary,696,normal,2026-01-01T04:28:00
EVT_000068,CUST_00114,CUST_00070,message,commerce,2066,normal,2026-01-01T04:32:00
EVT_000069,CUST_00067,CUST_00066,transfer,salary,742,normal,2026-01-01T04:36:00
EVT_000070,BAD_006,CUST_00131,marketplace_chat,fake_receipt,200,scam_ring,2026-01-01T04:40:00
EVT_000071,CUST_00244,CUST_00231,p2p,salary,542,normal,2026-01-01T04:44:00
EVT_000072,CUST_00234,CUST_00009,p2p,commerce,1637,normal,2026-01-01T04:48:00
EVT_000073,CUST_00259,CUST_00317,message,general,1573,normal,2026-01-01T04:52:00
EVT_000074,CUST_00212,EXT_007,transfer,commerce,932,normal,2026-01-01T04:56:00
EVT_000075,CUST_00157,CUST_00033,message,commerce,289,normal,2026-01-01T05:00:00
EVT_000076,CUST_00341,CUST_00198,transfer,family,81,normal,2026-01-01T05:04:00
EVT_000077,CUST_00105,CUST_00296,message,salary,1946,normal,2026-01-01T05:08:00
EVT_000078,CUST_00307,CUST_00287,transfer,family,562,normal,2026-01-01T05:12:00
EVT_000079,CUST_00226,EXT_003,message,salary,1013,normal,2026-01-01T05:16:00
EVT_000080,CUST_00192,CUST_00056,transfer,general,2331,normal,2026-01-01T05:20:00
EVT_000081,BAD_002,CUST_00151,marketplace_chat,fake_receipt,1424,scam_ring,2026-01-01T05:24:00
EVT_000082,CUST_00073,CUST_00145,message,commerce,202,normal,2026-01-01T05:28:00
EVT_000083,CUST_00304,CUST_00113,message,family,1791,normal,2026-01-01T05:32:00
EVT_000084,CUST_00088,CUST_00106,p2p,salary,91,normal,2026-01-01T05:36:00
EVT_000085,CUST_00257,CUST_00093,transfer,commerce,1210,normal,2026-01-01T05:40:00
EVT_000086,CUST_00232,CUST_00124,transfer,family,1707,normal,2026-01-01T05:44:00
EVT_000087,CUST_00248,CUST_00281,transfer,family,1599,normal,2026-01-01T05:48:00
EVT_000088,CUST_00076,CUST_00102,transfer,salary,1317,normal,2026-01-01T05:52:00
EVT_000089,CUST_00342,CUST_00097,p2p,salary,1023,normal,2026-01-01T05:56:00
EVT_000090,CUST_00126,CUST_00238,transfer,commerce,329,normal,2026-01-01T06:00:00
EVT_000091,CUST_00074,CUST_00192,p2p,commerce,1633,normal,2026-01-01T06:04:00
EVT_000092,CUST_00064,CUST_00235,message,family,1564,normal,2026-01-01T06:08:00
EVT_000093,CUST_00342,EXT_000,message,commerce,1359,normal,2026-01-01T06:12:00
EVT_000094,CUST_00225,CUST_00084,message,family,844,normal,2026-01-01T06:16:00
EVT_000095,CUST_00066,CUST_00119,p2p,general,402,normal,2026-01-01T06:20:00
EVT_000096,CUST_00101,CUST_00254,message,salary,342,normal,2026-01-01T06:24:00
EVT_000097,CUST_00216,CUST_00091,message,general,1686,normal,2026-01-01T06:28:00
EVT_000098,CUST_00375,BAD_006,transfer,social_engineering,750,social_chain,2026-01-01T06:32:00
EVT_000099,CUST_00278,CUST_00292,p2p,salary,1301,normal,2026-01-01T06:36:00
EVT_000100,CUST_00207,CUST_00297,transfer,commerce,1886,normal,2026-01-01T06:40:00
EVT_000101,CUST_00062,CUST_00281,message,family,709,normal,2026-01-01T06:44:00
EVT_000102,CUST_00240,CUST_00179,message,general,1039,normal,2026-01-01T06:48:00
EVT_000103,CUST_00170,CUST_00308,p2p,salary,1048,normal,2026-01-01T06:52:00
EVT_000104,CUST_00123,CUST_00034,transfer,family,92,normal,2026-01-01T06:56:00
EVT_000105,CUST_00230,CUST_00016,transfer,salary,1603,normal,2026-01-01T07:00:00
EVT_000106,CUST_00258,CUST_00065,message,salary,1390,normal,2026-01-01T07:04:00
EVT_000107,CUST_00173,CUST_00073,message,salary,1425,normal,2026-01-01T07:08:00
EVT_000108,CUST_00013,CUST_00193,p2p,salary,1417,normal,2026-01-01T07:12:00
EVT_000109,CUST_00370,CUST_00344,p2p,salary,531,normal,2026-01-01T07:16:00
EVT_000110,CUST_00141,CUST_00270,message,family,2350,normal,2026-01-01T07:20:00
EVT_000111,CUST_00259,CUST_00211,p2p,salary,128,normal,2026-01-01T07:24:00
EVT_000112,CUST_00170,CUST_00355,transfer,family,214,normal,2026-01-01T07:28:00
EVT_000113,CUST_00088,MULE_002,transfer,urgent_transfer,1350,mule_pattern,2026-01-01T07:32:00
EVT_000114,CUST_00035,CUST_00030,message,commerce,2167,normal,2026-01-01T07:36:00
EVT_000115,CUST_00032,CUST_00163,transfer,general,1931,normal,2026-01-01T07:40:00
EVT_000116,CUST_00309,CUST_00014,transfer,commerce,1691,normal,2026-01-01T07:44:00
EVT_000117,CUST_00278,CUST_00349,p2p,salary,88,normal,2026-01-01T07:48:00
EVT_000118,CUST_00283,CUST_00035,transfer,family,2468,normal,2026-01-01T07:52:00
EVT_000119,CUST_00130,CUST_00069,message,general,2104,normal,2026-01-01T07:56:00
EVT_000120,CUST_00149,CUST_00064,message,salary,2180,normal,2026-01-01T08:00:00
EVT_000121,CUST_00326,CUST_00298,p2p,family,886,normal,2026-01-01T08:04:00
EVT_000122,CUST_00119,CUST_00078,transfer,commerce,1111,normal,2026-01-01T08:08:00
EVT_000123,CUST_00019,CUST_00255,message,family,1930,normal,2026-01-01T08:12:00
EVT_000124,CUST_00362,CUST_00320,message,commerce,1142,normal,2026-01-01T08:16:00
EVT_000125,CUST_00281,MULE_000,transfer,social_engineering,1438,social_chain,2026-01-01T08:20:00
EVT_000126,CUST_00168,MULE_003,transfer,urgent_transfer,685,mule_pattern,2026-01-01T08:24:00
EVT_000127,CUST_00185,MULE_001,transfer,urgent_transfer,2362,mule_pattern,2026-01-01T08:28:00
EVT_000128,CUST_00206,CUST_00337,p2p,family,1862,normal,2026-01-01T08:32:00
EVT_000129,CUST_00334,CUST_00203,message,family,2220,normal,2026-01-01T08:36:00
EVT_000130,CUST_00089,CUST_00083,p2p,commerce,1256,normal,2026-01-01T08:40:00
EVT_000131,CUST_00082,CUST_00092,p2p,commerce,1021,normal,2026-01-01T08:44:00
EVT_000132,CUST_00321,CUST_00260,message,general,1164,normal,2026-01-01T08:48:00
EVT_000133,CUST_00000,CUST_00170,transfer,family,28,normal,2026-01-01T08:52:00
EVT_000134,CUST_00198,MULE_003,transfer,urgent_transfer,1000,mule_pattern,2026-01-01T08:56:00
EVT_000135,CUST_00009,MULE_003,transfer,social_engineering,588,social_chain,2026-01-01T09:00:00
EVT_000136,CUST_00114,CUST_00308,transfer,general,2000,normal,2026-01-01T09:04:00
EVT_000137,CUST_00272,MULE_001,transfer,social_engineering,1361,social_chain,2026-01-01T09:08:00
EVT_000138,CUST_00212,CUST_00114,message,general,162,normal,2026-01-01T09:12:00
EVT_000139,CUST_00345,MULE_001,transfer,urgent_transfer,302,mule_pattern,2026-01-01T09:16:00
EVT_000140,CUST_00133,CUST_00066,p2p,salary,1752,normal,2026-01-01T09:20:00
EVT_000141,CUST_00166,CUST_00212,message,family,2139,normal,2026-01-01T09:24:00
EVT_000142,CUST_00183,CUST_00365,message,general,1504,normal,2026-01-01T09:28:00
EVT_000143,CUST_00342,CUST_00011,p2p,salary,1148,normal,2026-01-01T09:32:00
EVT_000144,CUST_00337,CUST_00166,transfer,commerce,1410,normal,2026-01-01T09:36:00
EVT_000145,CUST_00282,CUST_00069,message,commerce,592,normal,2026-01-01T09:40:00
EVT_000146,CUST_00337,MULE_004,transfer,urgent_transfer,1761,mule_pattern,2026-01-01T09:44:00
EVT_000147,CUST_00315,CUST_00228,message,commerce,1131,normal,2026-01-01T09:48:00
EVT_000148,CUST_00026,CUST_00051,message,general,1529,normal,2026-01-01T09:52:00
EVT_000149,CUST_00019,CUST_00159,transfer,family,2393,normal,2026-01-01T09:56:00
EVT_000150,CUST_00303,CUST_00245,message,commerce,2114,normal,2026-01-01T10:00:00
EVT_000151,CUST_00093,CUST_00185,p2p,family,1066,normal,2026-01-01T10:04:00
EVT_000152,CUST_00081,CUST_00035,p2p,general,1716,normal,2026-01-01T10:08:00
EVT_000153,CUST_00229,CUST_00034,message,general,1190,normal,2026-01-01T10:12:00
EVT_000154,CUST_00009,EXT_012,transfer,salary,125,normal,2026-01-01T10:16:00
EVT_000155,CUST_00060,CUST_00276,p2p,salary,1505,normal,2026-01-01T10:20:00
EVT_000156,CUST_00320,MULE_004,transfer,urgent_transfer,527,mule_pattern,2026-01-01T10:24:00
EVT_000157,CUST_00335,CUST_00130,message,general,876,normal,2026-01-01T10:28:00
EVT_000158,CUST_00222,CUST_00030,p2p,salary,111,normal,2026-01-01T10:32:00
EVT_000159,BAD_001,CUST_00237,payment_release,fake_receipt,556,scam_ring,2026-01-01T10:36:00
EVT_000160,CUST_00075,CUST_00325,transfer,commerce,1903,normal,2026-01-01T10:40:00
EVT_000161,CUST_00168,CUST_00029,message,salary,253,normal,2026-01-01T10:44:00
EVT_000162,CUST_00337,CUST_00299,message,family,1259,normal,2026-01-01T10:48:00
EVT_000163,CUST_00019,CUST_00296,p2p,family,1341,normal,2026-01-01T10:52:00
EVT_000164,CUST_00187,CUST_00188,transfer,family,750,normal,2026-01-01T10:56:00
EVT_000165,CUST_00299,CUST_00126,transfer,family,1689,normal,2026-01-01T11:00:00
EVT_000166,CUST_00314,BAD_006,transfer,social_engineering,537,social_chain,2026-01-01T11:04:00
EVT_000167,CUST_00222,CUST_00348,p2p,salary,1569,normal,2026-01-01T11:08:00
EVT_000168,CUST_00283,CUST_00042,message,salary,2149,normal,2026-01-01T11:12:00
EVT_000169,CUST_00148,CUST_00189,transfer,general,1590,normal,2026-01-01T11:16:00
EVT_000170,CUST_00258,CUST_00047,transfer,family,1250,normal,2026-01-01T11:20:00
EVT_000171,CUST_00318,CUST_00154,p2p,family,2253,normal,2026-01-01T11:24:00
EVT_000172,CUST_00314,CUST_00322,message,salary,1373,normal,2026-01-01T11:28:00
EVT_000173,CUST_00293,MULE_002,transfer,urgent_transfer,1645,mule_pattern,2026-01-01T11:32:00
EVT_000174,CUST_00344,CUST_00165,message,commerce,1385,normal,2026-01-01T11:36:00
EVT_000175,CUST_00222,CUST_00115,p2p,general,1626,normal,2026-01-01T11:40:00
EVT_000176,CUST_00258,CUST_00331,message,salary,966,normal,2026-01-01T11:44:00
EVT_000177,CUST_00328,CUST_00189,transfer,salary,1783,normal,2026-01-01T11:48:00
EVT_000178,CUST_00267,EXT_002,p2p,salary,1338,normal,2026-01-01T11:52:00
EVT_000179,CUST_00023,CUST_00162,p2p,family,373,normal,2026-01-01T11:56:00
EVT_000180,CUST_00058,CUST_00051,transfer,family,1599,normal,2026-01-01T12:00:00
EVT_000181,CUST_00114,CUST_00054,message,family,661,normal,2026-01-01T12:04:00
EVT_000182,CUST_00281,CUST_00012,p2p,general,2436,normal,2026-01-01T12:08:00
EVT_000183,CUST_00105,CUST_00012,message,family,969,normal,2026-01-01T12:12:00
EVT_000184,CUST_00150,CUST_00033,p2p,family,2416,normal,2026-01-01T12:16:00
EVT_000185,BAD_003,CUST_00154,payment_release,fake_receipt,39,scam_ring,2026-01-01T12:20:00
EVT_000186,CUST_00334,MULE_004,transfer,urgent_transfer,822,mule_pattern,2026-01-01T12:24:00
EVT_000187,CUST_00260,CUST_00304,transfer,family,1765,normal,2026-01-01T12:28:00
EVT_000188,CUST_00240,EXT_009,transfer,salary,341,normal,2026-01-01T12:32:00
EVT_000189,CUST_00295,CUST_00196,transfer,commerce,716,normal,2026-01-01T12:36:00
EVT_000190,CUST_00137,CUST_00181,p2p,family,1942,normal,2026-01-01T12:40:00
EVT_000191,CUST_00024,CUST_00289,message,family,2464,normal,2026-01-01T12:44:00
EVT_000192,CUST_00222,CUST_00047,p2p,salary,156,normal,2026-01-01T12:48:00
EVT_000193,CUST_00315,CUST_00244,transfer,commerce,1990,normal,2026-01-01T12:52:00
EVT_000194,CUST_00075,CUST_00211,message,family,1925,normal,2026-01-01T12:56:00
EVT_000195,CUST_00150,CUST_00344,message,salary,109,normal,2026-01-01T13:00:00
EVT_000196,CUST_00141,CUST_00330,message,family,1073,normal,2026-01-01T13:04:00
EVT_000197,CUST_00079,CUST_00000,message,family,2185,normal,2026-01-01T13:08:00
EVT_000198,CUST_00032,CUST_00291,message,family,1387,normal,2026-01-01T13:12:00
EVT_000199,CUST_00377,CUST_00285,message,family,1281,normal,2026-01-01T13:16:00
EVT_000200,BAD_004,CUST_00244,marketplace_chat,fake_receipt,1808,scam_ring,2026-01-01T13:20:00
EVT_000201,CUST_00234,CUST_00268,p2p,salary,1259,normal,2026-01-01T13:24:00
EVT_000202,CUST_00025,CUST_00122,p2p,salary,2164,normal,2026-01-01T13:28:00
EVT_000203,CUST_00342,EXT_013,message,family,2167,normal,2026-01-01T13:32:00
EVT_000204,CUST_00239,CUST_00022,message,general,62,normal,2026-01-01T13:36:00
EVT_000205,CUST_00126,CUST_00207,transfer,salary,1144,normal,2026-01-01T13:40:00
EVT_000206,CUST_00025,CUST_00293,message,salary,2151,normal,2026-01-01T13:44:00
EVT_000207,CUST_00182,CUST_00214,p2p,family,959,normal,2026-01-01T13:48:00
EVT_000208,CUST_00329,BAD_005,transfer,social_engineering,497,social_chain,2026-01-01T13:52:00
EVT_000209,CUST_00125,MULE_002,transfer,urgent_transfer,132,mule_pattern,2026-01-01T13:56:00
EVT_000210,CUST_00021,MULE_002,transfer,urgent_transfer,931,mule_pattern,2026-01-01T14:00:00
EVT_000211,CUST_00022,CUST_00078,message,commerce,2067,normal,2026-01-01T14:04:00
EVT_000212,CUST_00302,CUST_00141,transfer,family,2486,normal,2026-01-01T14:08:00
EVT_000213,CUST_00128,CUST_00255,transfer,family,2262,normal,2026-01-01T14:12:00
EVT_000214,CUST_00238,CUST_00331,p2p,family,1756,normal,2026-01-01T14:16:00
EVT_000215,CUST_00273,CUST_00103,message,family,641,normal,2026-01-01T14:20:00
EVT_000216,CUST_00012,CUST_00092,p2p,general,143,normal,2026-01-01T14:24:00
EVT_000217,CUST_00377,CUST_00205,transfer,salary,2139,normal,2026-01-01T14:28:00
EVT_000218,CUST_00039,CUST_00047,message,family,2077,normal,2026-01-01T14:32:00
EVT_000219,CUST_00155,CUST_00323,p2p,commerce,1905,normal,2026-01-01T14:36:00
EVT_000220,CUST_00327,CUST_00187,transfer,general,956,normal,2026-01-01T14:40:00
EVT_000221,CUST_00198,CUST_00120,transfer,salary,2028,normal,2026-01-01T14:44:00
EVT_000222,CUST_00092,CUST_00002,message,commerce,1594,normal,2026-01-01T14:48:00
EVT_000223,CUST_00309,CUST_00132,p2p,general,1591,normal,2026-01-01T14:52:00
EVT_000224,CUST_00217,CUST_00167,message,general,408,normal,2026-01-01T14:56:00
EVT_000225,CUST_00276,CUST_00169,transfer,commerce,858,normal,2026-01-01T15:00:00
EVT_000226,CUST_00095,CUST_00042,transfer,family,1583,normal,2026-01-01T15:04:00
EVT_000227,CUST_00081,CUST_00341,transfer,general,977,normal,2026-01-01T15:08:00
EVT_000228,CUST_00375,CUST_00226,message,commerce,1798,normal,2026-01-01T15:12:00
EVT_000229,CUST_00018,CUST_00366,p2p,salary,1969,normal,2026-01-01T15:16:00
EVT_000230,CUST_00300,CUST_00116,message,salary,316,normal,2026-01-01T15:20:00
EVT_000231,CUST_00024,CUST_00069,message,salary,2365,normal,2026-01-01T15:24:00
EVT_000232,CUST_00304,CUST_00133,message,salary,1434,normal,2026-01-01T15:28:00
EVT_000233,CUST_00225,CUST_00107,p2p,commerce,1781,normal,2026-01-01T15:32:00
EVT_000234,CUST_00077,CUST_00364,transfer,general,926,normal,2026-01-01T15:36:00
EVT_000235,CUST_00104,CUST_00216,message,family,1034,normal,2026-01-01T15:40:00
EVT_000236,CUST_00110,CUST_00263,message,family,1746,normal,2026-01-01T15:44:00
EVT_000237,CUST_00110,CUST_00139,p2p,family,1721,normal,2026-01-01T15:48:00
EVT_000238,BAD_004,CUST_00134,payment_release,fake_receipt,1669,scam_ring,2026-01-01T15:52:00
EVT_000239,CUST_00023,CUST_00287,message,general,1873,normal,2026-01-01T15:56:00
EVT_000240,CUST_00271,CUST_00006,p2p,family,116,normal,2026-01-01T16:00:00
EVT_000241,CUST_00187,CUST_00110,p2p,family,225,normal,2026-01-01T16:04:00
EVT_000242,CUST_00351,EXT_003,p2p,commerce,783,normal,2026-01-01T16:08:00
EVT_000243,CUST_00372,CUST_00030,p2p,family,2478,normal,2026-01-01T16:12:00
EVT_000244,CUST_00216,CUST_00199,p2p,commerce,2024,normal,2026-01-01T16:16:00
EVT_000245,CUST_00236,CUST_00277,message,family,498,normal,2026-01-01T16:20:00
EVT_000246,CUST_00269,MULE_002,transfer,social_engineering,2220,social_chain,2026-01-01T16:24:00
EVT_000247,CUST_00158,CUST_00209,transfer,general,813,normal,2026-01-01T16:28:00
EVT_000248,CUST_00214,CUST_00229,p2p,general,818,normal,2026-01-01T16:32:00
EVT_000249,CUST_00348,CUST_00071,message,salary,2490,normal,2026-01-01T16:36:00
EVT_000250,CUST_00331,CUST_00313,p2p,commerce,2289,normal,2026-01-01T16:40:00
EVT_000251,CUST_00287,CUST_00159,message,salary,1405,normal,2026-01-01T16:44:00
EVT_000252,CUST_00022,CUST_00376,transfer,general,80,normal,2026-01-01T16:48:00
EVT_000253,CUST_00065,MULE_004,transfer,urgent_transfer,1363,mule_pattern,2026-01-01T16:52:00
EVT_000254,CUST_00139,CUST_00187,p2p,family,278,normal,2026-01-01T16:56:00
EVT_000255,CUST_00002,CUST_00249,transfer,salary,1594,normal,2026-01-01T17:00:00
EVT_000256,CUST_00189,CUST_00117,transfer,general,1866,normal,2026-01-01T17:04:00
EVT_000257,CUST_00098,CUST_00253,message,family,2251,normal,2026-01-01T17:08:00
EVT_000258,CUST_00045,CUST_00002,transfer,family,458,normal,2026-01-01T17:12:00
EVT_000259,CUST_00370,CUST_00245,message,salary,53,normal,2026-01-01T17:16:00
EVT_000260,CUST_00110,CUST_00362,message,general,1073,normal,2026-01-01T17:20:00
EVT_000261,CUST_00041,CUST_00135,p2p,commerce,1338,normal,2026-01-01T17:24:00
EVT_000262,CUST_00371,CUST_00150,p2p,commerce,2382,normal,2026-01-01T17:28:00
EVT_000263,CUST_00044,CUST_00053,p2p,general,445,normal,2026-01-01T17:32:00
EVT_000264,CUST_00183,EXT_009,transfer,commerce,1138,normal,2026-01-01T17:36:00
EVT_000265,CUST_00295,CUST_00334,p2p,commerce,1964,normal,2026-01-01T17:40:00
EVT_000266,CUST_00240,CUST_00123,p2p,salary,1602,normal,2026-01-01T17:44:00
EVT_000267,CUST_00091,CUST_00338,p2p,salary,769,normal,2026-01-01T17:48:00
EVT_000268,CUST_00179,CUST_00080,p2p,family,2114,normal,2026-01-01T17:52:00
EVT_000269,CUST_00247,CUST_00171,p2p,general,1000,normal,2026-01-01T17:56:00
EVT_000270,CUST_00271,CUST_00216,message,general,508,normal,2026-01-01T18:00:00
EVT_000271,CUST_00190,CUST_00112,message,salary,827,normal,2026-01-01T18:04:00
EVT_000272,CUST_00035,CUST_00299,p2p,salary,833,normal,2026-01-01T18:08:00
EVT_000273,CUST_00284,EXT_011,transfer,salary,487,normal,2026-01-01T18:12:00
EVT_000274,BAD_005,CUST_00211,marketplace_chat,fake_receipt,1336,scam_ring,2026-01-01T18:16:00
EVT_000275,CUST_00279,CUST_00010,p2p,commerce,912,normal,2026-01-01T18:20:00
EVT_000276,CUST_00217,CUST_00001,transfer,commerce,1548,normal,2026-01-01T18:24:00
EVT_000277,CUST_00358,CUST_00123,transfer,general,2429,normal,2026-01-01T18:28:00
EVT_000278,CUST_00186,CUST_00189,p2p,family,1434,normal,2026-01-01T18:32:00
EVT_000279,CUST_00153,CUST_00180,p2p,general,68,normal,2026-01-01T18:36:00
EVT_000280,CUST_00333,CUST_00164,transfer,salary,1256,normal,2026-01-01T18:40:00
EVT_000281,CUST_00014,MULE_000,transfer,urgent_transfer,769,mule_pattern,2026-01-01T18:44:00
EVT_000282,BAD_000,CUST_00224,marketplace_chat,fake_receipt,1681,scam_ring,2026-01-01T18:48:00
EVT_000283,CUST_00238,CUST_00154,p2p,commerce,510,normal,2026-01-01T18:52:00
EVT_000284,CUST_00112,CUST_00088,transfer,family,166,normal,2026-01-01T18:56:00
EVT_000285,CUST_00105,CUST_00116,message,salary,723,normal,2026-01-01T19:00:00
EVT_000286,BAD_000,CUST_00246,payment_release,fake_receipt,1588,scam_ring,2026-01-01T19:04:00
EVT_000287,CUST_00174,CUST_00112,transfer,general,1664,normal,2026-01-01T19:08:00
EVT_000288,CUST_00162,CUST_00260,message,general,509,normal,2026-01-01T19:12:00
EVT_000289,CUST_00027,CUST_00343,transfer,salary,1072,normal,2026-01-01T19:16:00
EVT_000290,CUST_00244,CUST_00197,transfer,general,841,normal,2026-01-01T19:20:00
EVT_000291,CUST_00236,CUST_00118,p2p,commerce,1069,normal,2026-01-01T19:24:00
EVT_000292,CUST_00349,CUST_00219,transfer,salary,549,normal,2026-01-01T19:28:00
EVT_000293,CUST_00280,CUST_00318,p2p,general,2316,normal,2026-01-01T19:32:00
EVT_000294,CUST_00197,CUST_00155,p2p,commerce,872,normal,2026-01-01T19:36:00
EVT_000295,CUST_00309,CUST_00153,message,general,1683,normal,2026-01-01T19:40:00
EVT_000296,CUST_00184,CUST_00130,p2p,family,1395,normal,2026-01-01T19:44:00
EVT_000297,CUST_00343,CUST_00318,transfer,commerce,1077,normal,2026-01-01T19:48:00
EVT_000298,BAD_004,CUST_00104,marketplace_chat,fake_receipt,1939,scam_ring,2026-01-01T19:52:00
EVT_000299,CUST_00315,CUST_00373,transfer,general,419,normal,2026-01-01T19:56:00
EVT_000300,CUST_00374,CUST_00231,p2p,salary,772,normal,2026-01-01T20:00:00
EVT_000301,CUST_00309,MULE_000,transfer,urgent_transfer,1868,mule_pattern,2026-01-01T20:04:00
EVT_000302,CUST_00100,CUST_00142,message,commerce,247,normal,2026-01-01T20:08:00
EVT_000303,CUST_00013,CUST_00027,message,general,730,normal,2026-01-01T20:12:00
EVT_000304,CUST_00046,CUST_00078,message,general,2147,normal,2026-01-01T20:16:00
EVT_000305,CUST_00353,CUST_00074,transfer,salary,1735,normal,2026-01-01T20:20:00
EVT_000306,CUST_00328,CUST_00147,transfer,salary,815,normal,2026-01-01T20:24:00
EVT_000307,CUST_00056,CUST_00195,message,family,1960,normal,2026-01-01T20:28:00
EVT_000308,BAD_001,CUST_00116,marketplace_chat,fake_receipt,1722,scam_ring,2026-01-01T20:32:00
EVT_000309,CUST_00324,CUST_00154,transfer,general,940,normal,2026-01-01T20:36:00
EVT_000310,CUST_00239,CUST_00282,transfer,general,161,normal,2026-01-01T20:40:00
EVT_000311,BAD_003,CUST_00160,marketplace_chat,fake_receipt,1722,scam_ring,2026-01-01T20:44:00
EVT_000312,CUST_00073,CUST_00146,message,general,482,normal,2026-01-01T20:48:00
EVT_000313,CUST_00105,CUST_00007,p2p,commerce,2315,normal,2026-01-01T20:52:00
EVT_000314,CUST_00032,CUST_00339,message,commerce,1589,normal,2026-01-01T20:56:00
EVT_000315,CUST_00208,CUST_00368,message,family,709,normal,2026-01-01T21:00:00
EVT_000316,CUST_00308,CUST_00291,message,general,551,normal,2026-01-01T21:04:00
EVT_000317,CUST_00195,CUST_00318,p2p,salary,1591,normal,2026-01-01T21:08:00
EVT_000318,CUST_00372,CUST_00150,message,family,1893,normal,2026-01-01T21:12:00
EVT_000319,CUST_00261,EXT_007,message,family,1305,normal,2026-01-01T21:16:00
EVT_000320,CUST_00341,CUST_00172,p2p,general,1258,normal,2026-01-01T21:20:00
EVT_000321,CUST_00091,CUST_00035,p2p,salary,1916,normal,2026-01-01T21:24:00
EVT_000322,CUST_00136,MULE_002,transfer,urgent_transfer,726,mule_pattern,2026-01-01T21:28:00
EVT_000323,CUST_00027,CUST_00222,transfer,general,535,normal,2026-01-01T21:32:00
EVT_000324,CUST_00358,CUST_00098,p2p,salary,1993,normal,2026-01-01T21:36:00
EVT_000325,CUST_00331,CUST_00287,transfer,family,726,normal,2026-01-01T21:40:00
EVT_000326,CUST_00150,MULE_004,transfer,urgent_transfer,417,mule_pattern,2026-01-01T21:44:00
EVT_000327,CUST_00331,CUST_00028,transfer,commerce,239,normal,2026-01-01T21:48:00
EVT_000328,CUST_00121,CUST_00147,message,general,1612,normal,2026-01-01T21:52:00
EVT_000329,CUST_00091,CUST_00202,message,general,2003,normal,2026-01-01T21:56:00
EVT_000330,CUST_00187,CUST_00086,message,family,187,normal,2026-01-01T22:00:00
EVT_000331,CUST_00078,CUST_00027,p2p,salary,1473,normal,2026-01-01T22:04:00
EVT_000332,CUST_00227,CUST_00048,message,salary,2443,normal,2026-01-01T22:08:00
EVT_000333,CUST_00183,MULE_001,transfer,urgent_transfer,932,mule_pattern,2026-01-01T22:12:00
EVT_000334,BAD_000,CUST_00210,marketplace_chat,fake_receipt,471,scam_ring,2026-01-01T22:16:00
EVT_000335,CUST_00194,CUST_00033,transfer,family,1529,normal,2026-01-01T22:20:00
EVT_000336,CUST_00265,CUST_00215,message,salary,1579,normal,2026-01-01T22:24:00
EVT_000337,CUST_00043,CUST_00228,transfer,salary,1752,normal,2026-01-01T22:28:00
EVT_000338,CUST_00192,CUST_00096,transfer,general,1129,normal,2026-01-01T22:32:00
EVT_000339,CUST_00218,CUST_00083,p2p,general,2415,normal,2026-01-01T22:36:00
EVT_000340,CUST_00310,CUST_00037,transfer,commerce,1411,normal,2026-01-01T22:40:00
EVT_000341,CUST_00150,CUST_00172,message,commerce,1945,normal,2026-01-01T22:44:00
EVT_000342,CUST_00140,CUST_00267,p2p,general,878,normal,2026-01-01T22:48:00
EVT_000343,CUST_00180,CUST_00003,transfer,general,1843,normal,2026-01-01T22:52:00
EVT_000344,CUST_00268,CUST_00276,p2p,family,602,normal,2026-01-01T22:56:00
EVT_000345,CUST_00114,CUST_00195,message,commerce,1520,normal,2026-01-01T23:00:00
EVT_000346,CUST_00157,CUST_00197,p2p,general,928,normal,2026-01-01T23:04:00
EVT_000347,CUST_00037,CUST_00167,p2p,family,771,normal,2026-01-01T23:08:00
EVT_000348,CUST_00191,EXT_011,transfer,commerce,304,normal,2026-01-01T23:12:00
EVT_000349,CUST_00364,CUST_00150,message,salary,15,normal,2026-01-01T23:16:00
EVT_000350,CUST_00335,MULE_001,transfer,urgent_transfer,1976,mule_pattern,2026-01-01T23:20:00
EVT_000351,CUST_00296,CUST_00257,message,general,2040,normal,2026-01-01T23:24:00
EVT_000352,CUST_00122,CUST_00138,transfer,family,2272,normal,2026-01-01T23:28:00
EVT_000353,CUST_00047,CUST_00004,p2p,family,1407,normal,2026-01-01T23:32:00
EVT_000354,CUST_00374,MULE_002,transfer,urgent_transfer,2427,mule_pattern,2026-01-01T23:36:00
EVT_000355,CUST_00273,CUST_00295,message,general,1732,normal,2026-01-01T23:40:00
EVT_000356,CUST_00273,CUST_00296,message,general,2145,normal,2026-01-01T23:44:00
EVT_000357,CUST_00173,CUST_00251,p2p,commerce,206,normal,2026-01-01T23:48:00
EVT_000358,CUST_00100,MULE_000,transfer,social_engineering,241,social_chain,2026-01-01T23:52:00
EVT_000359,CUST_00092,CUST_00195,p2p,commerce,2337,normal,2026-01-01T23:56:00
EVT_000360,CUST_00079,CUST_00116,transfer,salary,314,normal,2026-01-02T00:00:00
EVT_000361,CUST_00147,CUST_00002,message,commerce,1502,normal,2026-01-02T00:04:00
EVT_000362,CUST_00279,CUST_00139,transfer,commerce,148,normal,2026-01-02T00:08:00
EVT_000363,CUST_00316,CUST_00150,p2p,commerce,445,normal,2026-01-02T00:12:00
EVT_000364,CUST_00003,CUST_00122,transfer,salary,806,normal,2026-01-02T00:16:00
EVT_000365,CUST_00141,CUST_00190,p2p,salary,2238,normal,2026-01-02T00:20:00
EVT_000366,CUST_00031,CUST_00066,message,general,2421,normal,2026-01-02T00:24:00
EVT_000367,CUST_00292,CUST_00051,message,commerce,1992,normal,2026-01-02T00:28:00
EVT_000368,CUST_00252,CUST_00103,p2p,family,2445,normal,2026-01-02T00:32:00
EVT_000369,CUST_00080,CUST_00173,transfer,salary,2334,normal,2026-01-02T00:36:00
EVT_000370,CUST_00094,CUST_00345,transfer,general,538,normal,2026-01-02T00:40:00
EVT_000371,CUST_00293,CUST_00103,message,general,904,normal,2026-01-02T00:44:00
EVT_000372,CUST_00108,CUST_00348,transfer,salary,1996,normal,2026-01-02T00:48:00
EVT_000373,CUST_00064,CUST_00305,transfer,general,1963,normal,2026-01-02T00:52:00
EVT_000374,CUST_00278,CUST_00338,p2p,commerce,1906,normal,2026-01-02T00:56:00
EVT_000375,CUST_00037,CUST_00283,transfer,commerce,1466,normal,2026-01-02T01:00:00
EVT_000376,CUST_00208,CUST_00283,message,family,696,normal,2026-01-02T01:04:00
EVT_000377,CUST_00128,CUST_00069,p2p,general,2145,normal,2026-01-02T01:08:00
EVT_000378,CUST_00368,CUST_00154,message,general,185,normal,2026-01-02T01:12:00
EVT_000379,CUST_00283,CUST_00336,transfer,commerce,1114,normal,2026-01-02T01:16:00
EVT_000380,CUST_00137,CUST_00254,message,commerce,2414,normal,2026-01-02T01:20:00
EVT_000381,CUST_00084,CUST_00108,p2p,general,1881,normal,2026-01-02T01:24:00
EVT_000382,CUST_00181,CUST_00259,transfer,general,1777,normal,2026-01-02T01:28:00
EVT_000383,CUST_00343,CUST_00158,p2p,general,2175,normal,2026-01-02T01:32:00
EVT_000384,CUST_00280,CUST_00084,transfer,family,1361,normal,2026-01-02T01:36:00
EVT_000385,CUST_00223,CUST_00355,transfer,commerce,1653,normal,2026-01-02T01:40:00
EVT_000386,BAD_000,CUST_00221,marketplace_chat,fake_receipt,84,scam_ring,2026-01-02T01:44:00
EVT_000387,CUST_00034,EXT_004,message,general,971,normal,2026-01-02T01:48:00
EVT_000388,CUST_00377,MULE_003,transfer,social_engineering,856,social_chain,2026-01-02T01:52:00
EVT_000389,CUST_00348,CUST_00005,transfer,salary,1532,normal,2026-01-02T01:56:00
EVT_000390,CUST_00191,CUST_00206,transfer,commerce,216,normal,2026-01-02T02:00:00
EVT_000391,CUST_00227,CUST_00319,p2p,general,1426,normal,2026-01-02T02:04:00
EVT_000392,CUST_00226,CUST_00276,transfer,commerce,1801,normal,2026-01-02T02:08:00
EVT_000393,CUST_00098,CUST_00351,p2p,general,453,normal,2026-01-02T02:12:00
EVT_000394,CUST_00182,CUST_00058,message,commerce,2380,normal,2026-01-02T02:16:00
EVT_000395,CUST_00008,CUST_00144,message,salary,406,normal,2026-01-02T02:20:00
EVT_000396,CUST_00036,CUST_00025,p2p,general,2209,normal,2026-01-02T02:24:00
EVT_000397,CUST_00346,CUST_00265,transfer,general,2161,normal,2026-01-02T02:28:00
EVT_000398,CUST_00255,CUST_00228,p2p,general,864,normal,2026-01-02T02:32:00
EVT_000399,CUST_00364,CUST_00219,message,general,210,normal,2026-01-02T02:36:00
EVT_000400,CUST_00312,CUST_00360,transfer,general,2125,normal,2026-01-02T02:40:00
EVT_000401,CUST_00295,MULE_002,transfer,urgent_transfer,636,mule_pattern,2026-01-02T02:44:00
EVT_000402,CUST_00176,MULE_002,transfer,urgent_transfer,858,mule_pattern,2026-01-02T02:48:00
EVT_000403,CUST_00161,CUST_00116,p2p,commerce,1691,normal,2026-01-02T02:52:00
EVT_000404,CUST_00285,CUST_00032,message,general,1864,normal,2026-01-02T02:56:00
EVT_000405,CUST_00049,CUST_00168,transfer,general,646,normal,2026-01-02T03:00:00
EVT_000406,CUST_00278,CUST_00300,p2p,commerce,1523,normal,2026-01-02T03:04:00
EVT_000407,CUST_00024,CUST_00358,p2p,salary,1951,normal,2026-01-02T03:08:00
EVT_000408,CUST_00295,MULE_003,transfer,urgent_transfer,1416,mule_pattern,2026-01-02T03:12:00
EVT_000409,BAD_001,CUST_00207,marketplace_chat,fake_receipt,1382,scam_ring,2026-01-02T03:16:00
EVT_000410,CUST_00120,MULE_002,transfer,urgent_transfer,2011,mule_pattern,2026-01-02T03:20:00
EVT_000411,CUST_00008,BAD_004,transfer,social_engineering,1860,social_chain,2026-01-02T03:24:00
EVT_000412,BAD_005,CUST_00113,marketplace_chat,fake_receipt,2460,scam_ring,2026-01-02T03:28:00
EVT_000413,CUST_00221,CUST_00168,message,commerce,2482,normal,2026-01-02T03:32:00
EVT_000414,CUST_00275,CUST_00022,p2p,family,1970,normal,2026-01-02T03:36:00
EVT_000415,CUST_00053,MULE_002,transfer,urgent_transfer,2113,mule_pattern,2026-01-02T03:40:00
EVT_000416,CUST_00279,CUST_00083,message,family,52,normal,2026-01-02T03:44:00
EVT_000417,CUST_00293,CUST_00019,transfer,salary,1848,normal,2026-01-02T03:48:00
EVT_000418,CUST_00210,CUST_00231,p2p,family,1632,normal,2026-01-02T03:52:00
EVT_000419,CUST_00079,CUST_00293,transfer,commerce,569,normal,2026-01-02T03:56:00
EVT_000420,CUST_00362,CUST_00104,p2p,general,2286,normal,2026-01-02T04:00:00
EVT_000421,CUST_00031,CUST_00134,message,general,67,normal,2026-01-02T04:04:00
EVT_000422,CUST_00349,MULE_003,transfer,urgent_transfer,320,mule_pattern,2026-01-02T04:08:00
EVT_000423,CUST_00283,MULE_001,transfer,urgent_transfer,618,mule_pattern,2026-01-02T04:12:00
EVT_000424,CUST_00146,MULE_004,transfer,urgent_transfer,1892,mule_pattern,2026-01-02T04:16:00
EVT_000425,CUST_00071,EXT_014,message,family,368,normal,2026-01-02T04:20:00
EVT_000426,CUST_00205,CUST_00317,p2p,commerce,883,normal,2026-01-02T04:24:00
EVT_000427,CUST_00152,MULE_002,transfer,social_engineering,711,social_chain,2026-01-02T04:28:00
EVT_000428,CUST_00293,CUST_00035,message,commerce,733,normal,2026-01-02T04:32:00
EVT_000429,CUST_00009,CUST_00339,p2p,commerce,553,normal,2026-01-02T04:36:00
EVT_000430,CUST_00361,CUST_00285,transfer,commerce,26,normal,2026-01-02T04:40:00
EVT_000431,CUST_00106,CUST_00170,transfer,salary,1668,normal,2026-01-02T04:44:00
EVT_000432,CUST_00000,EXT_012,message,salary,1150,normal,2026-01-02T04:48:00
EVT_000433,CUST_00172,MULE_004,transfer,urgent_transfer,2124,mule_pattern,2026-01-02T04:52:00
EVT_000434,BAD_002,CUST_00113,marketplace_chat,fake_receipt,390,scam_ring,2026-01-02T04:56:00
EVT_000435,CUST_00039,MULE_003,transfer,social_engineering,2032,social_chain,2026-01-02T05:00:00
EVT_000436,CUST_00227,MULE_004,transfer,urgent_transfer,435,mule_pattern,2026-01-02T05:04:00
EVT_000437,CUST_00298,CUST_00240,message,commerce,1137,normal,2026-01-02T05:08:00
EVT_000438,CUST_00298,CUST_00255,p2p,commerce,1030,normal,2026-01-02T05:12:00
EVT_000439,CUST_00017,CUST_00107,message,general,959,normal,2026-01-02T05:16:00
EVT_000440,CUST_00374,CUST_00079,message,commerce,106,normal,2026-01-02T05:20:00
EVT_000441,CUST_00284,CUST_00018,transfer,commerce,69,normal,2026-01-02T05:24:00
EVT_000442,CUST_00314,CUST_00257,p2p,commerce,378,normal,2026-01-02T05:28:00
EVT_000443,CUST_00202,CUST_00191,transfer,family,329,normal,2026-01-02T05:32:00
EVT_000444,CUST_00367,CUST_00340,transfer,salary,21,normal,2026-01-02T05:36:00
EVT_000445,CUST_00282,CUST_00085,p2p,family,1837,normal,2026-01-02T05:40:00
EVT_000446,CUST_00308,CUST_00278,p2p,family,1399,normal,2026-01-02T05:44:00
EVT_000447,CUST_00346,CUST_00035,message,commerce,276,normal,2026-01-02T05:48:00
EVT_000448,CUST_00329,CUST_00359,message,family,124,normal,2026-01-02T05:52:00
EVT_000449,CUST_00316,CUST_00000,transfer,commerce,42,normal,2026-01-02T05:56:00
EVT_000450,CUST_00253,CUST_00175,message,salary,2235,normal,2026-01-02T06:00:00
EVT_000451,CUST_00077,CUST_00016,transfer,salary,1926,normal,2026-01-02T06:04:00
EVT_000452,CUST_00099,CUST_00154,p2p,general,636,normal,2026-01-02T06:08:00
EVT_000453,CUST_00085,CUST_00226,p2p,general,1028,normal,2026-01-02T06:12:00
EVT_000454,CUST_00346,EXT_013,message,family,2291,normal,2026-01-02T06:16:00
EVT_000455,BAD_005,CUST_00189,marketplace_chat,fake_receipt,2207,scam_ring,2026-01-02T06:20:00
EVT_000456,CUST_00213,CUST_00035,p2p,family,1571,normal,2026-01-02T06:24:00
EVT_000457,CUST_00093,CUST_00307,transfer,family,1390,normal,2026-01-02T06:28:00
EVT_000458,CUST_00214,CUST_00165,message,general,862,normal,2026-01-02T06:32:00
EVT_000459,CUST_00174,CUST_00122,transfer,commerce,1238,normal,2026-01-02T06:36:00
EVT_000460,CUST_00258,CUST_00098,message,salary,1914,normal,2026-01-02T06:40:00
EVT_000461,CUST_00276,CUST_00045,p2p,salary,1975,normal,2026-01-02T06:44:00
EVT_000462,CUST_00134,CUST_00068,transfer,general,2455,normal,2026-01-02T06:48:00
EVT_000463,CUST_00277,CUST_00260,message,family,1087,normal,2026-01-02T06:52:00
EVT_000464,CUST_00266,CUST_00022,p2p,family,2451,normal,2026-01-02T06:56:00
EVT_000465,CUST_00309,CUST_00188,p2p,family,2434,normal,2026-01-02T07:00:00
EVT_000466,CUST_00235,MULE_004,transfer,urgent_transfer,1794,mule_pattern,2026-01-02T07:04:00
EVT_000467,CUST_00263,CUST_00033,message,salary,2105,normal,2026-01-02T07:08:00
EVT_000468,CUST_00218,CUST_00060,message,commerce,872,normal,2026-01-02T07:12:00
EVT_000469,CUST_00000,BAD_001,transfer,social_engineering,826,social_chain,2026-01-02T07:16:00
EVT_000470,CUST_00295,CUST_00041,message,family,2263,normal,2026-01-02T07:20:00
EVT_000471,CUST_00037,CUST_00379,p2p,commerce,1021,normal,2026-01-02T07:24:00
EVT_000472,CUST_00110,CUST_00299,transfer,general,134,normal,2026-01-02T07:28:00
EVT_000473,CUST_00099,CUST_00133,transfer,salary,997,normal,2026-01-02T07:32:00
EVT_000474,CUST_00202,CUST_00273,transfer,commerce,660,normal,2026-01-02T07:36:00
EVT_000475,CUST_00256,CUST_00240,p2p,general,668,normal,2026-01-02T07:40:00
EVT_000476,CUST_00318,CUST_00246,transfer,general,1924,normal,2026-01-02T07:44:00
EVT_000477,CUST_00154,CUST_00031,message,salary,162,normal,2026-01-02T07:48:00
EVT_000478,CUST_00004,MULE_003,transfer,urgent_transfer,460,mule_pattern,2026-01-02T07:52:00
EVT_000479,CUST_00069,CUST_00056,transfer,general,1208,normal,2026-01-02T07:56:00
EVT_000480,CUST_00007,CUST_00375,p2p,salary,1757,normal,2026-01-02T08:00:00
EVT_000481,CUST_00338,CUST_00315,p2p,commerce,1288,normal,2026-01-02T08:04:00
EVT_000482,CUST_00274,CUST_00028,p2p,salary,1121,normal,2026-01-02T08:08:00
EVT_000483,CUST_00241,MULE_003,transfer,urgent_transfer,1222,mule_pattern,2026-01-02T08:12:00
EVT_000484,CUST_00070,CUST_00218,transfer,commerce,2223,normal,2026-01-02T08:16:00
EVT_000485,BAD_000,CUST_00117,marketplace_chat,fake_receipt,1198,scam_ring,2026-01-02T08:20:00
EVT_000486,CUST_00369,CUST_00142,message,general,2142,normal,2026-01-02T08:24:00
EVT_000487,CUST_00160,CUST_00283,message,commerce,2018,normal,2026-01-02T08:28:00
EVT_000488,CUST_00184,MULE_003,transfer,social_engineering,784,social_chain,2026-01-02T08:32:00
EVT_000489,CUST_00089,CUST_00281,transfer,salary,272,normal,2026-01-02T08:36:00
EVT_000490,CUST_00275,CUST_00045,transfer,family,1516,normal,2026-01-02T08:40:00
EVT_000491,CUST_00188,CUST_00378,p2p,general,690,normal,2026-01-02T08:44:00
EVT_000492,CUST_00365,CUST_00049,message,commerce,155,normal,2026-01-02T08:48:00
EVT_000493,CUST_00309,CUST_00104,transfer,general,2414,normal,2026-01-02T08:52:00
EVT_000494,CUST_00214,CUST_00130,transfer,general,152,normal,2026-01-02T08:56:00
EVT_000495,CUST_00301,CUST_00348,message,general,2241,normal,2026-01-02T09:00:00
EVT_000496,CUST_00193,MULE_004,transfer,urgent_transfer,118,mule_pattern,2026-01-02T09:04:00
EVT_000497,CUST_00325,CUST_00272,message,general,923,normal,2026-01-02T09:08:00
EVT_000498,CUST_00288,CUST_00208,p2p,family,1683,normal,2026-01-02T09:12:00
EVT_000499,CUST_00189,CUST_00010,message,commerce,2062,normal,2026-01-02T09:16:00
EVT_000500,CUST_00266,CUST_00022,transfer,general,656,normal,2026-01-02T09:20:00
EVT_000501,CUST_00303,CUST_00208,transfer,commerce,1660,normal,2026-01-02T09:24:00
EVT_000502,CUST_00337,CUST_00159,message,family,1595,normal,2026-01-02T09:28:00
EVT_000503,BAD_005,CUST_00227,payment_release,fake_receipt,1113,scam_ring,2026-01-02T09:32:00
EVT_000504,CUST_00231,CUST_00132,p2p,general,989,normal,2026-01-02T09:36:00
EVT_000505,CUST_00347,CUST_00015,message,commerce,191,normal,2026-01-02T09:40:00
EVT_000506,CUST_00147,CUST_00342,transfer,general,1601,normal,2026-01-02T09:44:00
EVT_000507,CUST_00229,CUST_00065,message,family,617,normal,2026-01-02T09:48:00
EVT_000508,CUST_00234,CUST_00151,p2p,family,1176,normal,2026-01-02T09:52:00
EVT_000509,CUST_00337,CUST_00160,message,commerce,312,normal,2026-01-02T09:56:00
EVT_000510,CUST_00100,MULE_000,transfer,urgent_transfer,1989,mule_pattern,2026-01-02T10:00:00
EVT_000511,CUST_00252,CUST_00123,transfer,family,1543,normal,2026-01-02T10:04:00
EVT_000512,CUST_00103,CUST_00138,p2p,general,85,normal,2026-01-02T10:08:00
EVT_000513,CUST_00264,CUST_00376,transfer,commerce,1104,normal,2026-01-02T10:12:00
EVT_000514,CUST_00075,EXT_001,transfer,salary,1996,normal,2026-01-02T10:16:00
EVT_000515,CUST_00214,BAD_002,transfer,social_engineering,248,social_chain,2026-01-02T10:20:00
EVT_000516,CUST_00367,CUST_00203,message,commerce,2351,normal,2026-01-02T10:24:00
EVT_000517,CUST_00198,CUST_00272,message,family,2067,normal,2026-01-02T10:28:00
EVT_000518,CUST_00295,CUST_00198,p2p,family,1554,normal,2026-01-02T10:32:00
EVT_000519,CUST_00333,CUST_00355,message,general,344,normal,2026-01-02T10:36:00
EVT_000520,CUST_00196,CUST_00171,transfer,family,2458,normal,2026-01-02T10:40:00
EVT_000521,CUST_00378,CUST_00275,transfer,general,1832,normal,2026-01-02T10:44:00
EVT_000522,CUST_00011,CUST_00094,p2p,salary,14,normal,2026-01-02T10:48:00
EVT_000523,CUST_00238,CUST_00334,p2p,salary,93,normal,2026-01-02T10:52:00
EVT_000524,CUST_00040,CUST_00264,p2p,general,2317,normal,2026-01-02T10:56:00
EVT_000525,CUST_00138,CUST_00307,transfer,general,380,normal,2026-01-02T11:00:00
EVT_000526,CUST_00220,CUST_00120,message,general,1594,normal,2026-01-02T11:04:00
EVT_000527,CUST_00284,BAD_005,transfer,social_engineering,1632,social_chain,2026-01-02T11:08:00
EVT_000528,CUST_00313,CUST_00281,p2p,commerce,2288,normal,2026-01-02T11:12:00
EVT_000529,CUST_00005,CUST_00128,message,commerce,1427,normal,2026-01-02T11:16:00
EVT_000530,CUST_00052,CUST_00258,p2p,general,368,normal,2026-01-02T11:20:00
EVT_000531,CUST_00050,CUST_00199,transfer,family,321,normal,2026-01-02T11:24:00
EVT_000532,CUST_00202,CUST_00184,p2p,salary,679,normal,2026-01-02T11:28:00
EVT_000533,CUST_00225,CUST_00278,message,general,667,normal,2026-01-02T11:32:00
EVT_000534,CUST_00134,CUST_00219,message,commerce,2339,normal,2026-01-02T11:36:00
EVT_000535,CUST_00118,CUST_00015,p2p,general,1218,normal,2026-01-02T11:40:00
EVT_000536,CUST_00354,CUST_00260,message,family,1244,normal,2026-01-02T11:44:00
EVT_000537,CUST_00120,EXT_008,transfer,general,2180,normal,2026-01-02T11:48:00
EVT_000538,CUST_00157,CUST_00326,p2p,general,1488,normal,2026-01-02T11:52:00
EVT_000539,CUST_00360,CUST_00316,transfer,family,1519,normal,2026-01-02T11:56:00
EVT_000540,CUST_00170,CUST_00191,message,commerce,381,normal,2026-01-02T12:00:00
EVT_000541,CUST_00342,CUST_00097,message,salary,1766,normal,2026-01-02T12:04:00
EVT_000542,CUST_00026,CUST_00047,message,salary,457,normal,2026-01-02T12:08:00
EVT_000543,CUST_00029,CUST_00256,message,family,1106,normal,2026-01-02T12:12:00
EVT_000544,BAD_001,CUST_00219,payment_release,fake_receipt,1790,scam_ring,2026-01-02T12:16:00
EVT_000545,CUST_00031,CUST_00247,p2p,general,2121,normal,2026-01-02T12:20:00
EVT_000546,CUST_00372,CUST_00009,message,general,407,normal,2026-01-02T12:24:00
EVT_000547,CUST_00309,CUST_00062,transfer,commerce,645,normal,2026-01-02T12:28:00
EVT_000548,CUST_00164,CUST_00367,message,family,1293,normal,2026-01-02T12:32:00
EVT_000549,CUST_00044,CUST_00181,p2p,general,2478,normal,2026-01-02T12:36:00
EVT_000550,CUST_00078,CUST_00341,p2p,family,1255,normal,2026-01-02T12:40:00
EVT_000551,CUST_00276,CUST_00092,transfer,family,319,normal,2026-01-02T12:44:00
EVT_000552,CUST_00278,CUST_00293,p2p,commerce,890,normal,2026-01-02T12:48:00
EVT_000553,CUST_00077,MULE_003,transfer,urgent_transfer,2047,mule_pattern,2026-01-02T12:52:00
EVT_000554,BAD_002,CUST_00126,marketplace_chat,fake_receipt,1618,scam_ring,2026-01-02T12:56:00
EVT_000555,CUST_00280,MULE_004,transfer,urgent_transfer,1211,mule_pattern,2026-01-02T13:00:00
EVT_000556,CUST_00098,EXT_009,transfer,general,2452,normal,2026-01-02T13:04:00
EVT_000557,CUST_00337,CUST_00359,message,commerce,2316,normal,2026-01-02T13:08:00
EVT_000558,CUST_00331,CUST_00183,p2p,salary,1250,normal,2026-01-02T13:12:00
EVT_000559,CUST_00000,CUST_00365,p2p,salary,845,normal,2026-01-02T13:16:00
EVT_000560,CUST_00327,CUST_00071,transfer,salary,1062,normal,2026-01-02T13:20:00
EVT_000561,CUST_00265,CUST_00326,p2p,general,669,normal,2026-01-02T13:24:00
EVT_000562,CUST_00106,CUST_00117,transfer,family,2437,normal,2026-01-02T13:28:00
EVT_000563,CUST_00237,CUST_00315,message,commerce,799,normal,2026-01-02T13:32:00
EVT_000564,CUST_00262,CUST_00055,message,commerce,2372,normal,2026-01-02T13:36:00
EVT_000565,CUST_00153,CUST_00130,transfer,salary,330,normal,2026-01-02T13:40:00
EVT_000566,CUST_00318,CUST_00353,transfer,commerce,451,normal,2026-01-02T13:44:00
EVT_000567,CUST_00166,CUST_00115,p2p,commerce,2049,normal,2026-01-02T13:48:00
EVT_000568,CUST_00340,CUST_00285,p2p,salary,535,normal,2026-01-02T13:52:00
EVT_000569,CUST_00075,CUST_00294,message,commerce,1566,normal,2026-01-02T13:56:00
EVT_000570,CUST_00263,CUST_00339,transfer,commerce,225,normal,2026-01-02T14:00:00
EVT_000571,CUST_00110,CUST_00313,message,general,1331,normal,2026-01-02T14:04:00
EVT_000572,CUST_00184,CUST_00352,message,salary,1659,normal,2026-01-02T14:08:00
EVT_000573,CUST_00118,MULE_004,transfer,urgent_transfer,2228,mule_pattern,2026-01-02T14:12:00
EVT_000574,CUST_00014,CUST_00365,transfer,general,2342,normal,2026-01-02T14:16:00
EVT_000575,CUST_00047,CUST_00159,p2p,general,919,normal,2026-01-02T14:20:00
EVT_000576,CUST_00116,CUST_00108,message,family,1642,normal,2026-01-02T14:24:00
EVT_000577,CUST_00031,MULE_002,transfer,urgent_transfer,1392,mule_pattern,2026-01-02T14:28:00
EVT_000578,CUST_00322,CUST_00016,message,commerce,1619,normal,2026-01-02T14:32:00
EVT_000579,CUST_00120,CUST_00167,transfer,general,1764,normal,2026-01-02T14:36:00
EVT_000580,CUST_00156,CUST_00168,message,family,2057,normal,2026-01-02T14:40:00
EVT_000581,BAD_000,CUST_00215,payment_release,fake_receipt,1418,scam_ring,2026-01-02T14:44:00
EVT_000582,CUST_00217,CUST_00284,message,salary,1223,normal,2026-01-02T14:48:00
EVT_000583,CUST_00067,CUST_00113,p2p,commerce,2223,normal,2026-01-02T14:52:00
EVT_000584,CUST_00080,CUST_00279,message,family,1376,normal,2026-01-02T14:56:00
EVT_000585,CUST_00280,CUST_00321,p2p,family,320,normal,2026-01-02T15:00:00
EVT_000586,CUST_00370,CUST_00287,transfer,general,1440,normal,2026-01-02T15:04:00
EVT_000587,CUST_00088,CUST_00346,message,salary,1785,normal,2026-01-02T15:08:00
EVT_000588,CUST_00306,CUST_00000,message,salary,2056,normal,2026-01-02T15:12:00
EVT_000589,CUST_00267,CUST_00305,p2p,family,973,normal,2026-01-02T15:16:00
EVT_000590,CUST_00197,CUST_00078,message,general,2173,normal,2026-01-02T15:20:00
EVT_000591,CUST_00324,CUST_00144,message,general,273,normal,2026-01-02T15:24:00
EVT_000592,CUST_00286,CUST_00130,p2p,family,2067,normal,2026-01-02T15:28:00
EVT_000593,CUST_00040,CUST_00174,transfer,salary,1041,normal,2026-01-02T15:32:00
EVT_000594,CUST_00155,CUST_00300,p2p,salary,1655,normal,2026-01-02T15:36:00
EVT_000595,CUST_00261,CUST_00007,transfer,commerce,1994,normal,2026-01-02T15:40:00
EVT_000596,CUST_00344,MULE_000,transfer,urgent_transfer,1031,mule_pattern,2026-01-02T15:44:00
EVT_000597,CUST_00108,CUST_00243,p2p,salary,1433,normal,2026-01-02T15:48:00
EVT_000598,CUST_00322,CUST_00041,message,family,268,normal,2026-01-02T15:52:00
EVT_000599,CUST_00048,CUST_00308,transfer,family,2372,normal,2026-01-02T15:56:00
EVT_000600,CUST_00376,CUST_00053,message,commerce,998,normal,2026-01-02T16:00:00
EVT_000601,CUST_00357,MULE_003,transfer,urgent_transfer,13,mule_pattern,2026-01-02T16:04:00
EVT_000602,CUST_00360,CUST_00114,transfer,salary,1682,normal,2026-01-02T16:08:00
EVT_000603,BAD_004,CUST_00206,payment_release,fake_receipt,2470,scam_ring,2026-01-02T16:12:00
EVT_000604,CUST_00196,CUST_00183,transfer,general,1999,normal,2026-01-02T16:16:00
EVT_000605,BAD_004,CUST_00101,marketplace_chat,fake_receipt,16,scam_ring,2026-01-02T16:20:00
EVT_000606,CUST_00198,CUST_00371,transfer,family,1964,normal,2026-01-02T16:24:00
EVT_000607,CUST_00151,MULE_004,transfer,urgent_transfer,1078,mule_pattern,2026-01-02T16:28:00
EVT_000608,CUST_00251,CUST_00030,transfer,general,2140,normal,2026-01-02T16:32:00
EVT_000609,CUST_00341,CUST_00119,message,salary,2154,normal,2026-01-02T16:36:00
EVT_000610,CUST_00087,CUST_00009,message,salary,1179,normal,2026-01-02T16:40:00
EVT_000611,CUST_00375,CUST_00226,p2p,salary,84,normal,2026-01-02T16:44:00
EVT_000612,CUST_00163,CUST_00200,transfer,family,1828,normal,2026-01-02T16:48:00
EVT_000613,CUST_00262,CUST_00163,transfer,general,2117,normal,2026-01-02T16:52:00
EVT_000614,CUST_00176,CUST_00020,transfer,general,1910,normal,2026-01-02T16:56:00
EVT_000615,CUST_00237,CUST_00265,transfer,family,1034,normal,2026-01-02T17:00:00
EVT_000616,CUST_00312,CUST_00277,message,commerce,964,normal,2026-01-02T17:04:00
EVT_000617,CUST_00351,MULE_002,transfer,social_engineering,2009,social_chain,2026-01-02T17:08:00
EVT_000618,CUST_00275,CUST_00184,transfer,salary,1529,normal,2026-01-02T17:12:00
EVT_000619,CUST_00246,CUST_00189,p2p,salary,675,normal,2026-01-02T17:16:00
EVT_000620,CUST_00345,CUST_00229,transfer,commerce,2470,normal,2026-01-02T17:20:00
EVT_000621,CUST_00027,CUST_00262,message,family,763,normal,2026-01-02T17:24:00
EVT_000622,CUST_00236,CUST_00126,p2p,family,777,normal,2026-01-02T17:28:00
EVT_000623,CUST_00349,CUST_00192,message,commerce,690,normal,2026-01-02T17:32:00
EVT_000624,CUST_00340,CUST_00040,message,commerce,416,normal,2026-01-02T17:36:00
EVT_000625,BAD_004,CUST_00232,marketplace_chat,fake_receipt,2328,scam_ring,2026-01-02T17:40:00
EVT_000626,CUST_00056,CUST_00334,p2p,family,704,normal,2026-01-02T17:44:00
EVT_000627,CUST_00271,CUST_00245,message,commerce,563,normal,2026-01-02T17:48:00
EVT_000628,CUST_00090,CUST_00372,message,family,91,normal,2026-01-02T17:52:00
EVT_000629,CUST_00193,CUST_00211,message,family,1617,normal,2026-01-02T17:56:00
EVT_000630,CUST_00017,CUST_00044,transfer,family,1852,normal,2026-01-02T18:00:00
EVT_000631,CUST_00297,CUST_00359,message,salary,1467,normal,2026-01-02T18:04:00
EVT_000632,CUST_00064,CUST_00313,message,commerce,2424,normal,2026-01-02T18:08:00
EVT_000633,CUST_00178,CUST_00202,p2p,family,1079,normal,2026-01-02T18:12:00
EVT_000634,CUST_00170,CUST_00057,p2p,salary,1150,normal,2026-01-02T18:16:00
EVT_000635,CUST_00320,CUST_00187,p2p,commerce,1077,normal,2026-01-02T18:20:00
EVT_000636,CUST_00253,CUST_00376,p2p,general,1038,normal,2026-01-02T18:24:00
EVT_000637,CUST_00177,MULE_004,transfer,social_engineering,684,social_chain,2026-01-02T18:28:00
EVT_000638,CUST_00254,CUST_00174,message,general,527,normal,2026-01-02T18:32:00
EVT_000639,CUST_00340,CUST_00283,transfer,general,775,normal,2026-01-02T18:36:00
EVT_000640,CUST_00114,CUST_00335,message,salary,2459,normal,2026-01-02T18:40:00
EVT_000641,CUST_00311,CUST_00086,message,family,2074,normal,2026-01-02T18:44:00
EVT_000642,CUST_00135,CUST_00071,message,commerce,663,normal,2026-01-02T18:48:00
EVT_000643,CUST_00161,CUST_00268,message,general,1712,normal,2026-01-02T18:52:00
EVT_000644,CUST_00033,CUST_00215,transfer,salary,731,normal,2026-01-02T18:56:00
EVT_000645,CUST_00080,CUST_00000,transfer,general,674,normal,2026-01-02T19:00:00
EVT_000646,CUST_00276,CUST_00014,p2p,family,581,normal,2026-01-02T19:04:00
EVT_000647,BAD_002,CUST_00211,payment_release,fake_receipt,2039,scam_ring,2026-01-02T19:08:00
EVT_000648,CUST_00039,CUST_00083,p2p,salary,2110,normal,2026-01-02T19:12:00
EVT_000649,CUST_00304,EXT_004,p2p,salary,913,normal,2026-01-02T19:16:00
EVT_000650,CUST_00302,CUST_00310,message,salary,1375,normal,2026-01-02T19:20:00
EVT_000651,CUST_00295,CUST_00000,transfer,general,1113,normal,2026-01-02T19:24:00
EVT_000652,CUST_00030,CUST_00288,message,commerce,464,normal,2026-01-02T19:28:00
EVT_000653,CUST_00226,CUST_00046,message,general,2299,normal,2026-01-02T19:32:00
EVT_000654,CUST_00035,CUST_00323,message,commerce,331,normal,2026-01-02T19:36:00
EVT_000655,CUST_00361,CUST_00158,transfer,commerce,945,normal,2026-01-02T19:40:00
EVT_000656,CUST_00043,CUST_00316,p2p,salary,160,normal,2026-01-02T19:44:00
EVT_000657,CUST_00152,CUST_00048,transfer,general,665,normal,2026-01-02T19:48:00
EVT_000658,CUST_00237,CUST_00338,transfer,general,1908,normal,2026-01-02T19:52:00
EVT_000659,CUST_00304,CUST_00142,message,commerce,1479,normal,2026-01-02T19:56:00
EVT_000660,CUST_00276,BAD_002,transfer,social_engineering,211,social_chain,2026-01-02T20:00:00
EVT_000661,CUST_00090,CUST_00028,transfer,salary,13,normal,2026-01-02T20:04:00
EVT_000662,CUST_00262,CUST_00265,message,commerce,344,normal,2026-01-02T20:08:00
EVT_000663,CUST_00308,CUST_00200,transfer,family,1342,normal,2026-01-02T20:12:00
EVT_000664,CUST_00090,CUST_00160,p2p,family,2378,normal,2026-01-02T20:16:00
EVT_000665,CUST_00270,CUST_00141,transfer,commerce,470,normal,2026-01-02T20:20:00
EVT_000666,CUST_00322,CUST_00023,message,salary,2486,normal,2026-01-02T20:24:00
EVT_000667,CUST_00015,EXT_012,p2p,salary,934,normal,2026-01-02T20:28:00
EVT_000668,CUST_00366,CUST_00272,transfer,salary,2427,normal,2026-01-02T20:32:00
EVT_000669,CUST_00312,MULE_001,transfer,social_engineering,2212,social_chain,2026-01-02T20:36:00
EVT_000670,CUST_00338,BAD_000,transfer,social_engineering,1549,social_chain,2026-01-02T20:40:00
EVT_000671,CUST_00096,CUST_00174,p2p,commerce,2444,normal,2026-01-02T20:44:00
EVT_000672,CUST_00302,CUST_00038,p2p,family,1328,normal,2026-01-02T20:48:00
EVT_000673,CUST_00042,CUST_00359,message,family,1226,normal,2026-01-02T20:52:00
EVT_000674,CUST_00364,CUST_00190,p2p,salary,1600,normal,2026-01-02T20:56:00
EVT_000675,CUST_00258,CUST_00336,message,commerce,604,normal,2026-01-02T21:00:00
EVT_000676,CUST_00193,CUST_00052,message,family,570,normal,2026-01-02T21:04:00
EVT_000677,CUST_00327,CUST_00236,transfer,general,2247,normal,2026-01-02T21:08:00
EVT_000678,CUST_00190,CUST_00186,message,commerce,392,normal,2026-01-02T21:12:00
EVT_000679,CUST_00209,MULE_003,transfer,urgent_transfer,1197,mule_pattern,2026-01-02T21:16:00
EVT_000680,CUST_00288,CUST_00115,transfer,family,672,normal,2026-01-02T21:20:00
EVT_000681,BAD_006,CUST_00216,marketplace_chat,fake_receipt,349,scam_ring,2026-01-02T21:24:00
EVT_000682,CUST_00075,CUST_00045,p2p,family,1172,normal,2026-01-02T21:28:00
EVT_000683,CUST_00378,CUST_00317,message,general,1422,normal,2026-01-02T21:32:00
EVT_000684,CUST_00368,CUST_00160,transfer,commerce,2125,normal,2026-01-02T21:36:00
EVT_000685,CUST_00092,CUST_00148,message,family,2125,normal,2026-01-02T21:40:00
EVT_000686,CUST_00071,CUST_00262,message,general,649,normal,2026-01-02T21:44:00
EVT_000687,CUST_00028,CUST_00036,transfer,general,1204,normal,2026-01-02T21:48:00
EVT_000688,BAD_001,CUST_00124,marketplace_chat,fake_receipt,1078,scam_ring,2026-01-02T21:52:00
EVT_000689,CUST_00039,CUST_00110,message,family,1609,normal,2026-01-02T21:56:00
EVT_000690,CUST_00182,CUST_00035,message,family,159,normal,2026-01-02T22:00:00
EVT_000691,CUST_00042,CUST_00300,message,commerce,451,normal,2026-01-02T22:04:00
EVT_000692,CUST_00261,CUST_00215,transfer,salary,1142,normal,2026-01-02T22:08:00
EVT_000693,CUST_00261,CUST_00310,p2p,salary,903,normal,2026-01-02T22:12:00
EVT_000694,CUST_00121,CUST_00050,p2p,salary,1681,normal,2026-01-02T22:16:00
EVT_000695,CUST_00349,BAD_006,transfer,social_engineering,1808,social_chain,2026-01-02T22:20:00
EVT_000696,CUST_00024,CUST_00018,message,commerce,599,normal,2026-01-02T22:24:00
EVT_000697,CUST_00110,CUST_00049,p2p,family,1916,normal,2026-01-02T22:28:00
EVT_000698,CUST_00379,CUST_00310,message,family,2056,normal,2026-01-02T22:32:00
EVT_000699,CUST_00167,CUST_00321,transfer,commerce,501,normal,2026-01-02T22:36:00
EVT_000700,CUST_00305,CUST_00274,p2p,commerce,1212,normal,2026-01-02T22:40:00
EVT_000701,CUST_00193,MULE_003,transfer,urgent_transfer,110,mule_pattern,2026-01-02T22:44:00
EVT_000702,CUST_00251,CUST_00104,transfer,salary,1323,normal,2026-01-02T22:48:00
EVT_000703,CUST_00079,CUST_00288,p2p,general,834,normal,2026-01-02T22:52:00
EVT_000704,CUST_00297,CUST_00197,p2p,general,2348,normal,2026-01-02T22:56:00
EVT_000705,CUST_00286,CUST_00058,transfer,salary,1252,normal,2026-01-02T23:00:00
EVT_000706,CUST_00263,CUST_00132,message,family,1196,normal,2026-01-02T23:04:00
EVT_000707,CUST_00345,EXT_007,transfer,general,1235,normal,2026-01-02T23:08:00
EVT_000708,CUST_00131,EXT_008,p2p,commerce,2016,normal,2026-01-02T23:12:00
EVT_000709,CUST_00367,CUST_00318,transfer,salary,475,normal,2026-01-02T23:16:00
EVT_000710,CUST_00168,CUST_00197,transfer,salary,1477,normal,2026-01-02T23:20:00
EVT_000711,CUST_00297,BAD_001,transfer,social_engineering,137,social_chain,2026-01-02T23:24:00
EVT_000712,CUST_00183,MULE_003,transfer,urgent_transfer,2298,mule_pattern,2026-01-02T23:28:00
EVT_000713,CUST_00172,CUST_00290,p2p,general,1610,normal,2026-01-02T23:32:00
EVT_000714,CUST_00218,CUST_00261,transfer,commerce,2323,normal,2026-01-02T23:36:00
EVT_000715,CUST_00225,CUST_00235,transfer,salary,114,normal,2026-01-02T23:40:00
EVT_000716,CUST_00154,CUST_00134,transfer,salary,1564,normal,2026-01-02T23:44:00
EVT_000717,CUST_00335,CUST_00054,message,general,2497,normal,2026-01-02T23:48:00
EVT_000718,CUST_00249,CUST_00218,transfer,commerce,63,normal,2026-01-02T23:52:00
EVT_000719,CUST_00007,CUST_00120,transfer,salary,2033,normal,2026-01-02T23:56:00
EVT_000720,CUST_00347,CUST_00307,message,family,1760,normal,2026-01-03T00:00:00
EVT_000721,CUST_00355,CUST_00189,p2p,commerce,1462,normal,2026-01-03T00:04:00
EVT_000722,CUST_00141,MULE_002,transfer,social_engineering,84,social_chain,2026-01-03T00:08:00
EVT_000723,CUST_00346,CUST_00118,message,salary,1900,normal,2026-01-03T00:12:00
EVT_000724,CUST_00375,CUST_00214,transfer,commerce,2308,normal,2026-01-03T00:16:00
EVT_000725,CUST_00075,CUST_00086,p2p,general,2497,normal,2026-01-03T00:20:00
EVT_000726,CUST_00361,MULE_001,transfer,urgent_transfer,2203,mule_pattern,2026-01-03T00:24:00
EVT_000727,CUST_00143,CUST_00147,message,commerce,204,normal,2026-01-03T00:28:00
EVT_000728,CUST_00329,CUST_00168,p2p,commerce,1956,normal,2026-01-03T00:32:00
EVT_000729,CUST_00351,CUST_00251,p2p,general,513,normal,2026-01-03T00:36:00
EVT_000730,CUST_00313,CUST_00327,message,salary,1646,normal,2026-01-03T00:40:00
EVT_000731,CUST_00205,CUST_00378,transfer,commerce,2395,normal,2026-01-03T00:44:00
EVT_000732,CUST_00289,CUST_00303,transfer,commerce,2082,normal,2026-01-03T00:48:00
EVT_000733,CUST_00041,CUST_00370,message,commerce,2410,normal,2026-01-03T00:52:00
EVT_000734,CUST_00369,CUST_00321,transfer,general,2218,normal,2026-01-03T00:56:00
EVT_000735,CUST_00313,CUST_00247,transfer,family,638,normal,2026-01-03T01:00:00
EVT_000736,CUST_00243,CUST_00101,transfer,general,947,normal,2026-01-03T01:04:00
EVT_000737,CUST_00333,CUST_00008,transfer,family,1974,normal,2026-01-03T01:08:00
EVT_000738,CUST_00341,CUST_00131,p2p,general,1669,normal,2026-01-03T01:12:00
EVT_000739,BAD_004,CUST_00160,payment_release,fake_receipt,1202,scam_ring,2026-01-03T01:16:00
EVT_000740,CUST_00251,MULE_000,transfer,urgent_transfer,1153,mule_pattern,2026-01-03T01:20:00
EVT_000741,CUST_00201,CUST_00116,transfer,family,971,normal,2026-01-03T01:24:00
EVT_000742,CUST_00009,CUST_00307,transfer,salary,556,normal,2026-01-03T01:28:00
EVT_000743,CUST_00120,CUST_00293,p2p,commerce,1152,normal,2026-01-03T01:32:00
EVT_000744,CUST_00161,CUST_00323,p2p,commerce,556,normal,2026-01-03T01:36:00
EVT_000745,CUST_00273,CUST_00365,p2p,commerce,83,normal,2026-01-03T01:40:00
EVT_000746,CUST_00086,MULE_002,transfer,urgent_transfer,165,mule_pattern,2026-01-03T01:44:00
EVT_000747,CUST_00070,CUST_00254,transfer,salary,2007,normal,2026-01-03T01:48:00
EVT_000748,CUST_00306,MULE_000,transfer,urgent_transfer,1399,mule_pattern,2026-01-03T01:52:00
EVT_000749,CUST_00035,CUST_00168,message,family,437,normal,2026-01-03T01:56:00
EVT_000750,CUST_00120,EXT_008,p2p,family,1352,normal,2026-01-03T02:00:00
EVT_000751,CUST_00271,CUST_00079,p2p,general,822,normal,2026-01-03T02:04:00
EVT_000752,CUST_00329,CUST_00155,p2p,family,2070,normal,2026-01-03T02:08:00
EVT_000753,CUST_00105,CUST_00128,p2p,family,2109,normal,2026-01-03T02:12:00
EVT_000754,CUST_00073,CUST_00116,transfer,commerce,663,normal,2026-01-03T02:16:00
EVT_000755,CUST_00094,MULE_001,transfer,urgent_transfer,2203,mule_pattern,2026-01-03T02:20:00
EVT_000756,CUST_00117,CUST_00371,p2p,general,2294,normal,2026-01-03T02:24:00
EVT_000757,CUST_00049,CUST_00370,transfer,salary,779,normal,2026-01-03T02:28:00
EVT_000758,CUST_00351,CUST_00251,message,salary,796,normal,2026-01-03T02:32:00
EVT_000759,CUST_00057,MULE_004,transfer,urgent_transfer,1429,mule_pattern,2026-01-03T02:36:00
EVT_000760,CUST_00109,CUST_00002,p2p,general,1055,normal,2026-01-03T02:40:00
EVT_000761,BAD_000,CUST_00203,marketplace_chat,fake_receipt,801,scam_ring,2026-01-03T02:44:00
EVT_000762,CUST_00347,CUST_00302,message,family,1822,normal,2026-01-03T02:48:00
EVT_000763,CUST_00366,CUST_00234,p2p,salary,1652,normal,2026-01-03T02:52:00
EVT_000764,CUST_00289,CUST_00370,message,family,1885,normal,2026-01-03T02:56:00
EVT_000765,CUST_00167,CUST_00093,transfer,family,1007,normal,2026-01-03T03:00:00
EVT_000766,CUST_00043,CUST_00367,message,general,987,normal,2026-01-03T03:04:00
EVT_000767,CUST_00340,CUST_00321,message,general,2032,normal,2026-01-03T03:08:00
EVT_000768,CUST_00077,EXT_010,transfer,family,678,normal,2026-01-03T03:12:00
EVT_000769,CUST_00260,CUST_00228,transfer,salary,2212,normal,2026-01-03T03:16:00
EVT_000770,CUST_00127,CUST_00146,transfer,family,359,normal,2026-01-03T03:20:00
EVT_000771,CUST_00255,CUST_00218,p2p,general,1629,normal,2026-01-03T03:24:00
EVT_000772,CUST_00244,CUST_00023,message,family,2080,normal,2026-01-03T03:28:00
EVT_000773,CUST_00023,CUST_00297,transfer,general,1234,normal,2026-01-03T03:32:00
EVT_000774,CUST_00046,CUST_00326,message,general,1954,normal,2026-01-03T03:36:00
EVT_000775,CUST_00033,BAD_004,transfer,social_engineering,2225,social_chain,2026-01-03T03:40:00
EVT_000776,CUST_00135,CUST_00140,transfer,salary,1561,normal,2026-01-03T03:44:00
EVT_000777,CUST_00178,CUST_00103,message,family,1307,normal,2026-01-03T03:48:00
EVT_000778,CUST_00110,CUST_00056,message,family,615,normal,2026-01-03T03:52:00
EVT_000779,CUST_00111,CUST_00335,p2p,commerce,1643,normal,2026-01-03T03:56:00
EVT_000780,CUST_00077,CUST_00192,p2p,salary,1935,normal,2026-01-03T04:00:00
EVT_000781,CUST_00088,CUST_00256,transfer,general,1557,normal,2026-01-03T04:04:00
EVT_000782,CUST_00363,CUST_00164,message,general,364,normal,2026-01-03T04:08:00
EVT_000783,CUST_00143,CUST_00159,message,family,1944,normal,2026-01-03T04:12:00
EVT_000784,CUST_00028,CUST_00348,transfer,family,1896,normal,2026-01-03T04:16:00
EVT_000785,CUST_00334,CUST_00125,p2p,salary,1931,normal,2026-01-03T04:20:00
EVT_000786,CUST_00246,CUST_00225,transfer,commerce,1121,normal,2026-01-03T04:24:00
EVT_000787,CUST_00277,CUST_00206,transfer,general,1871,normal,2026-01-03T04:28:00
EVT_000788,CUST_00154,CUST_00133,transfer,salary,2413,normal,2026-01-03T04:32:00
EVT_000789,CUST_00164,CUST_00262,p2p,salary,1329,normal,2026-01-03T04:36:00
EVT_000790,CUST_00249,MULE_004,transfer,urgent_transfer,780,mule_pattern,2026-01-03T04:40:00
EVT_000791,CUST_00289,CUST_00257,transfer,commerce,2287,normal,2026-01-03T04:44:00
EVT_000792,CUST_00179,CUST_00176,transfer,general,553,normal,2026-01-03T04:48:00
EVT_000793,CUST_00139,CUST_00126,transfer,family,1322,normal,2026-01-03T04:52:00
EVT_000794,CUST_00297,CUST_00230,p2p,general,2325,normal,2026-01-03T04:56:00
EVT_000795,CUST_00343,CUST_00305,message,family,671,normal,2026-01-03T05:00:00
EVT_000796,CUST_00149,CUST_00189,transfer,general,89,normal,2026-01-03T05:04:00
EVT_000797,CUST_00018,CUST_00125,message,salary,2136,normal,2026-01-03T05:08:00
EVT_000798,BAD_004,CUST_00234,marketplace_chat,fake_receipt,1914,scam_ring,2026-01-03T05:12:00
EVT_000799,CUST_00271,CUST_00178,p2p,salary,1162,normal,2026-01-03T05:16:00
EVT_000800,CUST_00259,CUST_00012,p2p,commerce,1146,normal,2026-01-03T05:20:00
EVT_000801,CUST_00264,CUST_00104,p2p,general,1457,normal,2026-01-03T05:24:00
EVT_000802,CUST_00224,CUST_00283,message,salary,839,normal,2026-01-03T05:28:00
EVT_000803,CUST_00269,CUST_00239,p2p,family,631,normal,2026-01-03T05:32:00
EVT_000804,CUST_00090,CUST_00115,p2p,commerce,638,normal,2026-01-03T05:36:00
EVT_000805,CUST_00032,CUST_00206,transfer,salary,1367,normal,2026-01-03T05:40:00
EVT_000806,CUST_00038,CUST_00249,transfer,general,97,normal,2026-01-03T05:44:00
EVT_000807,CUST_00330,MULE_002,transfer,urgent_transfer,255,mule_pattern,2026-01-03T05:48:00
EVT_000808,CUST_00227,CUST_00034,transfer,general,1687,normal,2026-01-03T05:52:00
EVT_000809,CUST_00250,CUST_00312,p2p,family,432,normal,2026-01-03T05:56:00
EVT_000810,CUST_00270,CUST_00325,message,commerce,749,normal,2026-01-03T06:00:00
EVT_000811,CUST_00242,CUST_00050,p2p,salary,1268,normal,2026-01-03T06:04:00
EVT_000812,CUST_00005,CUST_00159,message,salary,1062,normal,2026-01-03T06:08:00
EVT_000813,CUST_00073,CUST_00309,p2p,general,2439,normal,2026-01-03T06:12:00
EVT_000814,CUST_00210,CUST_00169,message,general,1281,normal,2026-01-03T06:16:00
EVT_000815,CUST_00109,CUST_00135,p2p,general,1936,normal,2026-01-03T06:20:00
EVT_000816,CUST_00064,CUST_00307,transfer,commerce,399,normal,2026-01-03T06:24:00
EVT_000817,CUST_00139,CUST_00242,transfer,general,142,normal,2026-01-03T06:28:00
EVT_000818,CUST_00179,CUST_00051,transfer,family,811,normal,2026-01-03T06:32:00
EVT_000819,BAD_003,CUST_00237,marketplace_chat,fake_receipt,902,scam_ring,2026-01-03T06:36:00
EVT_000820,CUST_00076,CUST_00083,transfer,general,1485,normal,2026-01-03T06:40:00
EVT_000821,CUST_00379,EXT_000,p2p,family,1647,normal,2026-01-03T06:44:00
EVT_000822,CUST_00272,CUST_00000,transfer,general,200,normal,2026-01-03T06:48:00
EVT_000823,CUST_00233,CUST_00063,p2p,salary,899,normal,2026-01-03T06:52:00
EVT_000824,CUST_00218,MULE_001,transfer,urgent_transfer,12,mule_pattern,2026-01-03T06:56:00
EVT_000825,CUST_00006,CUST_00212,transfer,general,2083,normal,2026-01-03T07:00:00
EVT_000826,CUST_00060,CUST_00293,transfer,general,1246,normal,2026-01-03T07:04:00
EVT_000827,CUST_00183,CUST_00243,p2p,family,357,normal,2026-01-03T07:08:00
EVT_000828,CUST_00152,CUST_00179,transfer,commerce,575,normal,2026-01-03T07:12:00
EVT_000829,CUST_00373,CUST_00201,transfer,commerce,2383,normal,2026-01-03T07:16:00
EVT_000830,CUST_00098,MULE_000,transfer,urgent_transfer,433,mule_pattern,2026-01-03T07:20:00
EVT_000831,CUST_00104,CUST_00285,p2p,commerce,2438,normal,2026-01-03T07:24:00
EVT_000832,CUST_00263,CUST_00364,p2p,family,2262,normal,2026-01-03T07:28:00
EVT_000833,CUST_00017,CUST_00317,p2p,general,383,normal,2026-01-03T07:32:00
EVT_000834,CUST_00232,CUST_00084,message,family,1612,normal,2026-01-03T07:36:00
EVT_000835,CUST_00302,CUST_00088,p2p,salary,124,normal,2026-01-03T07:40:00
EVT_000836,CUST_00340,CUST_00226,p2p,family,1647,normal,2026-01-03T07:44:00
EVT_000837,CUST_00033,CUST_00121,message,commerce,1515,normal,2026-01-03T07:48:00
EVT_000838,CUST_00378,CUST_00091,p2p,commerce,462,normal,2026-01-03T07:52:00
EVT_000839,CUST_00069,CUST_00171,transfer,salary,623,normal,2026-01-03T07:56:00
EVT_000840,CUST_00009,CUST_00156,transfer,commerce,454,normal,2026-01-03T08:00:00
EVT_000841,CUST_00141,CUST_00310,transfer,general,2249,normal,2026-01-03T08:04:00
EVT_000842,CUST_00186,CUST_00343,p2p,family,2482,normal,2026-01-03T08:08:00
EVT_000843,CUST_00199,CUST_00326,p2p,general,1119,normal,2026-01-03T08:12:00
EVT_000844,CUST_00364,CUST_00008,p2p,commerce,2029,normal,2026-01-03T08:16:00
EVT_000845,CUST_00332,CUST_00031,message,commerce,2197,normal,2026-01-03T08:20:00
EVT_000846,CUST_00091,MULE_000,transfer,urgent_transfer,1253,mule_pattern,2026-01-03T08:24:00
EVT_000847,CUST_00155,CUST_00126,message,family,12,normal,2026-01-03T08:28:00
EVT_000848,CUST_00092,CUST_00201,message,general,1739,normal,2026-01-03T08:32:00
EVT_000849,CUST_00194,CUST_00290,message,general,419,normal,2026-01-03T08:36:00
EVT_000850,CUST_00151,MULE_000,transfer,urgent_transfer,1232,mule_pattern,2026-01-03T08:40:00
EVT_000851,CUST_00038,CUST_00374,transfer,salary,2014,normal,2026-01-03T08:44:00
EVT_000852,CUST_00146,CUST_00252,p2p,commerce,1784,normal,2026-01-03T08:48:00
EVT_000853,CUST_00281,CUST_00266,message,general,273,normal,2026-01-03T08:52:00
EVT_000854,CUST_00013,EXT_001,transfer,commerce,2160,normal,2026-01-03T08:56:00
EVT_000855,CUST_00285,CUST_00213,p2p,commerce,2391,normal,2026-01-03T09:00:00
EVT_000856,CUST_00010,CUST_00125,message,family,1752,normal,2026-01-03T09:04:00
EVT_000857,CUST_00290,CUST_00266,p2p,general,521,normal,2026-01-03T09:08:00
EVT_000858,CUST_00020,CUST_00291,transfer,salary,385,normal,2026-01-03T09:12:00
EVT_000859,CUST_00250,CUST_00077,transfer,salary,790,normal,2026-01-03T09:16:00
EVT_000860,CUST_00366,CUST_00185,p2p,general,1370,normal,2026-01-03T09:20:00
EVT_000861,CUST_00146,CUST_00215,message,general,1965,normal,2026-01-03T09:24:00
EVT_000862,CUST_00175,CUST_00182,message,general,2206,normal,2026-01-03T09:28:00
EVT_000863,CUST_00357,CUST_00041,p2p,general,1370,normal,2026-01-03T09:32:00
EVT_000864,CUST_00198,CUST_00330,p2p,family,994,normal,2026-01-03T09:36:00
EVT_000865,CUST_00199,MULE_000,transfer,urgent_transfer,1574,mule_pattern,2026-01-03T09:40:00
EVT_000866,CUST_00233,CUST_00350,transfer,salary,244,normal,2026-01-03T09:44:00
EVT_000867,CUST_00010,CUST_00240,p2p,commerce,2306,normal,2026-01-03T09:48:00
EVT_000868,CUST_00086,CUST_00202,transfer,general,1316,normal,2026-01-03T09:52:00
EVT_000869,CUST_00159,CUST_00240,transfer,commerce,1079,normal,2026-01-03T09:56:00
EVT_000870,CUST_00183,MULE_001,transfer,urgent_transfer,744,mule_pattern,2026-01-03T10:00:00
EVT_000871,CUST_00023,CUST_00204,p2p,family,364,normal,2026-01-03T10:04:00
EVT_000872,CUST_00184,CUST_00275,p2p,salary,603,normal,2026-01-03T10:08:00
EVT_000873,CUST_00288,CUST_00116,p2p,commerce,815,normal,2026-01-03T10:12:00
EVT_000874,CUST_00119,CUST_00215,transfer,salary,2143,normal,2026-01-03T10:16:00
EVT_000875,CUST_00121,CUST_00112,transfer,general,667,normal,2026-01-03T10:20:00
EVT_000876,CUST_00193,CUST_00234,p2p,commerce,145,normal,2026-01-03T10:24:00
EVT_000877,CUST_00312,CUST_00307,transfer,general,1551,normal,2026-01-03T10:28:00
EVT_000878,CUST_00378,CUST_00277,transfer,salary,2205,normal,2026-01-03T10:32:00
EVT_000879,CUST_00343,CUST_00309,p2p,commerce,2383,normal,2026-01-03T10:36:00
EVT_000880,CUST_00163,CUST_00218,p2p,general,1304,normal,2026-01-03T10:40:00
EVT_000881,BAD_000,CUST_00103,payment_release,fake_receipt,2370,scam_ring,2026-01-03T10:44:00
EVT_000882,CUST_00197,MULE_004,transfer,urgent_transfer,1189,mule_pattern,2026-01-03T10:48:00
EVT_000883,CUST_00131,CUST_00209,message,family,2364,normal,2026-01-03T10:52:00
EVT_000884,CUST_00168,CUST_00242,message,general,8,normal,2026-01-03T10:56:00
EVT_000885,CUST_00063,CUST_00087,transfer,general,406,normal,2026-01-03T11:00:00
EVT_000886,CUST_00227,CUST_00231,transfer,salary,194,normal,2026-01-03T11:04:00
EVT_000887,CUST_00125,MULE_004,transfer,urgent_transfer,1726,mule_pattern,2026-01-03T11:08:00
EVT_000888,CUST_00067,CUST_00267,transfer,general,2079,normal,2026-01-03T11:12:00
EVT_000889,CUST_00223,CUST_00331,message,family,1880,normal,2026-01-03T11:16:00
EVT_000890,CUST_00125,CUST_00121,transfer,general,771,normal,2026-01-03T11:20:00
EVT_000891,CUST_00162,CUST_00002,p2p,general,1084,normal,2026-01-03T11:24:00
EVT_000892,CUST_00055,CUST_00102,transfer,salary,480,normal,2026-01-03T11:28:00
EVT_000893,CUST_00098,EXT_006,p2p,family,2105,normal,2026-01-03T11:32:00
EVT_000894,CUST_00048,CUST_00306,p2p,family,306,normal,2026-01-03T11:36:00
EVT_000895,CUST_00055,CUST_00291,transfer,salary,2418,normal,2026-01-03T11:40:00
EVT_000896,CUST_00113,CUST_00292,p2p,commerce,2247,normal,2026-01-03T11:44:00
EVT_000897,CUST_00029,EXT_013,transfer,family,2291,normal,2026-01-03T11:48:00
EVT_000898,BAD_002,CUST_00126,marketplace_chat,fake_receipt,1729,scam_ring,2026-01-03T11:52:00
EVT_000899,CUST_00182,CUST_00279,p2p,commerce,1144,normal,2026-01-03T11:56:00
EVT_000900,CUST_00268,CUST_00043,p2p,general,2069,normal,2026-01-03T12:00:00
EVT_000901,CUST_00328,CUST_00088,transfer,commerce,1808,normal,2026-01-03T12:04:00
EVT_000902,CUST_00220,CUST_00043,message,general,305,normal,2026-01-03T12:08:00
EVT_000903,CUST_00201,CUST_00377,p2p,salary,1110,normal,2026-01-03T12:12:00
EVT_000904,CUST_00076,CUST_00244,message,commerce,1268,normal,2026-01-03T12:16:00
EVT_000905,BAD_006,CUST_00119,payment_release,fake_receipt,962,scam_ring,2026-01-03T12:20:00
EVT_000906,CUST_00097,CUST_00154,transfer,salary,2128,normal,2026-01-03T12:24:00
EVT_000907,CUST_00017,CUST_00178,message,salary,1290,normal,2026-01-03T12:28:00
EVT_000908,CUST_00003,MULE_000,transfer,social_engineering,1961,social_chain,2026-01-03T12:32:00
EVT_000909,CUST_00010,CUST_00015,p2p,commerce,2063,normal,2026-01-03T12:36:00
EVT_000910,CUST_00150,CUST_00065,p2p,commerce,390,normal,2026-01-03T12:40:00
EVT_000911,CUST_00368,CUST_00010,message,general,1811,normal,2026-01-03T12:44:00
EVT_000912,CUST_00278,CUST_00334,transfer,general,741,normal,2026-01-03T12:48:00
EVT_000913,CUST_00036,CUST_00309,message,general,2349,normal,2026-01-03T12:52:00
EVT_000914,CUST_00131,CUST_00140,transfer,salary,151,normal,2026-01-03T12:56:00
EVT_000915,CUST_00214,CUST_00098,p2p,family,836,normal,2026-01-03T13:00:00
EVT_000916,CUST_00102,CUST_00172,message,family,2170,normal,2026-01-03T13:04:00
EVT_000917,CUST_00268,CUST_00194,p2p,salary,1297,normal,2026-01-03T13:08:00
EVT_000918,CUST_00332,CUST_00329,transfer,salary,2026,normal,2026-01-03T13:12:00
EVT_000919,CUST_00035,CUST_00037,message,general,277,normal,2026-01-03T13:16:00
EVT_000920,CUST_00165,CUST_00344,transfer,general,1201,normal,2026-01-03T13:20:00
EVT_000921,CUST_00102,CUST_00089,transfer,general,1960,normal,2026-01-03T13:24:00
EVT_000922,CUST_00141,CUST_00156,transfer,family,1272,normal,2026-01-03T13:28:00
EVT_000923,CUST_00224,CUST_00125,p2p,commerce,326,normal,2026-01-03T13:32:00
EVT_000924,CUST_00100,CUST_00363,p2p,family,504,normal,2026-01-03T13:36:00
EVT_000925,CUST_00237,CUST_00236,transfer,general,470,normal,2026-01-03T13:40:00
EVT_000926,CUST_00254,CUST_00359,transfer,commerce,1382,normal,2026-01-03T13:44:00
EVT_000927,CUST_00193,CUST_00361,transfer,family,529,normal,2026-01-03T13:48:00
EVT_000928,CUST_00309,CUST_00138,p2p,salary,813,normal,2026-01-03T13:52:00
EVT_000929,CUST_00051,CUST_00252,p2p,general,1287,normal,2026-01-03T13:56:00
EVT_000930,CUST_00017,CUST_00219,transfer,salary,1094,normal,2026-01-03T14:00:00
EVT_000931,CUST_00165,CUST_00051,message,family,566,normal,2026-01-03T14:04:00
EVT_000932,CUST_00358,CUST_00323,message,general,1417,normal,2026-01-03T14:08:00
EVT_000933,CUST_00310,CUST_00143,message,family,1322,normal,2026-01-03T14:12:00
EVT_000934,CUST_00034,CUST_00127,p2p,commerce,2002,normal,2026-01-03T14:16:00
EVT_000935,CUST_00276,CUST_00306,message,salary,1025,normal,2026-01-03T14:20:00
EVT_000936,CUST_00330,CUST_00319,transfer,family,816,normal,2026-01-03T14:24:00
EVT_000937,CUST_00367,CUST_00048,transfer,salary,1822,normal,2026-01-03T14:28:00
EVT_000938,CUST_00166,CUST_00047,p2p,family,267,normal,2026-01-03T14:32:00
EVT_000939,CUST_00223,CUST_00274,message,salary,2254,normal,2026-01-03T14:36:00
EVT_000940,BAD_006,CUST_00202,payment_release,fake_receipt,15,scam_ring,2026-01-03T14:40:00
EVT_000941,CUST_00220,EXT_010,transfer,commerce,1949,normal,2026-01-03T14:44:00
EVT_000942,CUST_00133,CUST_00276,transfer,commerce,960,normal,2026-01-03T14:48:00
EVT_000943,CUST_00349,CUST_00128,transfer,family,131,normal,2026-01-03T14:52:00
EVT_000944,CUST_00084,CUST_00332,message,commerce,2457,normal,2026-01-03T14:56:00
EVT_000945,CUST_00195,CUST_00320,transfer,salary,1894,normal,2026-01-03T15:00:00
EVT_000946,CUST_00153,CUST_00337,message,salary,684,normal,2026-01-03T15:04:00
EVT_000947,CUST_00245,MULE_004,transfer,urgent_transfer,2497,mule_pattern,2026-01-03T15:08:00
EVT_000948,CUST_00293,MULE_001,transfer,urgent_transfer,773,mule_pattern,2026-01-03T15:12:00
EVT_000949,CUST_00331,MULE_003,transfer,urgent_transfer,1902,mule_pattern,2026-01-03T15:16:00
EVT_000950,CUST_00260,CUST_00027,message,commerce,2353,normal,2026-01-03T15:20:00
EVT_000951,CUST_00115,CUST_00361,message,general,1821,normal,2026-01-03T15:24:00
EVT_000952,CUST_00163,CUST_00142,message,general,1462,normal,2026-01-03T15:28:00
EVT_000953,CUST_00099,CUST_00262,transfer,family,1255,normal,2026-01-03T15:32:00
EVT_000954,CUST_00027,CUST_00153,message,general,2161,normal,2026-01-03T15:36:00
EVT_000955,CUST_00332,CUST_00296,message,commerce,1999,normal,2026-01-03T15:40:00
EVT_000956,CUST_00012,CUST_00023,message,salary,2100,normal,2026-01-03T15:44:00
EVT_000957,CUST_00377,CUST_00043,p2p,commerce,1244,normal,2026-01-03T15:48:00
EVT_000958,CUST_00329,CUST_00238,transfer,salary,204,normal,2026-01-03T15:52:00
EVT_000959,CUST_00289,CUST_00351,message,general,1191,normal,2026-01-03T15:56:00
EVT_000960,CUST_00100,CUST_00340,message,commerce,105,normal,2026-01-03T16:00:00
EVT_000961,CUST_00212,BAD_006,transfer,social_engineering,170,social_chain,2026-01-03T16:04:00
EVT_000962,CUST_00180,CUST_00014,message,commerce,144,normal,2026-01-03T16:08:00
EVT_000963,CUST_00339,MULE_001,transfer,urgent_transfer,963,mule_pattern,2026-01-03T16:12:00
EVT_000964,CUST_00148,CUST_00127,p2p,general,991,normal,2026-01-03T16:16:00
EVT_000965,CUST_00107,CUST_00273,transfer,family,698,normal,2026-01-03T16:20:00
EVT_000966,CUST_00352,CUST_00347,transfer,family,448,normal,2026-01-03T16:24:00
EVT_000967,CUST_00294,CUST_00285,message,general,2467,normal,2026-01-03T16:28:00
EVT_000968,CUST_00334,CUST_00318,p2p,salary,109,normal,2026-01-03T16:32:00
EVT_000969,CUST_00266,EXT_000,transfer,commerce,476,normal,2026-01-03T16:36:00
EVT_000970,CUST_00208,CUST_00193,transfer,family,187,normal,2026-01-03T16:40:00
EVT_000971,CUST_00228,CUST_00028,message,general,867,normal,2026-01-03T16:44:00
EVT_000972,CUST_00310,CUST_00230,message,general,1397,normal,2026-01-03T16:48:00
EVT_000973,CUST_00071,CUST_00234,message,family,1650,normal,2026-01-03T16:52:00
EVT_000974,CUST_00375,CUST_00026,transfer,family,2288,normal,2026-01-03T16:56:00
EVT_000975,CUST_00172,CUST_00246,message,commerce,1251,normal,2026-01-03T17:00:00
EVT_000976,CUST_00044,CUST_00052,p2p,general,1052,normal,2026-01-03T17:04:00
EVT_000977,CUST_00185,CUST_00256,message,salary,2222,normal,2026-01-03T17:08:00
EVT_000978,CUST_00042,CUST_00137,p2p,salary,1451,normal,2026-01-03T17:12:00
EVT_000979,CUST_00168,CUST_00328,transfer,general,1778,normal,2026-01-03T17:16:00
EVT_000980,CUST_00273,CUST_00057,transfer,general,1136,normal,2026-01-03T17:20:00
EVT_000981,CUST_00077,CUST_00044,message,general,2038,normal,2026-01-03T17:24:00
EVT_000982,CUST_00254,CUST_00302,message,commerce,950,normal,2026-01-03T17:28:00
EVT_000983,CUST_00343,CUST_00008,message,salary,1567,normal,2026-01-03T17:32:00
EVT_000984,CUST_00370,CUST_00041,p2p,salary,1245,normal,2026-01-03T17:36:00
EVT_000985,CUST_00180,MULE_004,transfer,urgent_transfer,730,mule_pattern,2026-01-03T17:40:00
EVT_000986,CUST_00084,MULE_002,transfer,urgent_transfer,364,mule_pattern,2026-01-03T17:44:00
EVT_000987,CUST_00258,CUST_00164,p2p,general,503,normal,2026-01-03T17:48:00
EVT_000988,CUST_00140,CUST_00167,message,general,650,normal,2026-01-03T17:52:00
EVT_000989,CUST_00262,CUST_00376,p2p,family,1261,normal,2026-01-03T17:56:00
EVT_000990,CUST_00159,CUST_00102,transfer,salary,1024,normal,2026-01-03T18:00:00
EVT_000991,CUST_00093,CUST_00009,message,family,1059,normal,2026-01-03T18:04:00
EVT_000992,CUST_00084,CUST_00007,p2p,commerce,594,normal,2026-01-03T18:08:00
EVT_000993,CUST_00246,CUST_00153,transfer,general,2423,normal,2026-01-03T18:12:00
EVT_000994,CUST_00227,CUST_00037,p2p,family,2127,normal,2026-01-03T18:16:00
EVT_000995,CUST_00088,CUST_00333,transfer,general,1703,normal,2026-01-03T18:20:00
EVT_000996,CUST_00272,CUST_00167,transfer,family,1658,normal,2026-01-03T18:24:00
EVT_000997,CUST_00116,BAD_005,transfer,social_engineering,2422,social_chain,2026-01-03T18:28:00
EVT_000998,CUST_00028,CUST_00184,message,commerce,333,normal,2026-01-03T18:32:00
EVT_000999,CUST_00119,CUST_00001,p2p,commerce,1615,normal,2026-01-03T18:36:00
